PromoID,PromoName,SKU,StartDate,EndDate,RegistrationEnd,Status,Cumulabile
13339,"Più prodotti Samsung acquisti, più il valore del regalo aumenta",RT38CG6624S9ES,24/11/2025,12/12/2025,12/01/2026,Chiusa,No
13339,"Più prodotti Samsung acquisti, più il valore del regalo aumenta",RT47CB6736C2ES,24/11/2025,12/12/2025,12/01/2026,Chiusa,No
13339,"Più prodotti Samsung acquisti, più il valore del regalo aumenta",RL38C776ASR/EF,24/11/2025,12/12/2025,12/01/2026,Chiusa,No
13339,"Più prodotti Samsung acquisti, più il valore del regalo aumenta",RB53DG706AB1EF,24/11/2025,12/12/2025,12/01/2026,Chiusa,No
13339,"Più prodotti Samsung acquisti, più il valore del regalo aumenta",RB53DG706BS9EF,24/11/2025,12/12/2025,12/01/2026,Chiusa,No
13339,"Più prodotti Samsung acquisti, più il valore del regalo aumenta",RB53DG703DS9EF,24/11/2025,12/12/2025,12/01/2026,Chiusa,No
13339,"Più prodotti Samsung acquisti, più il valore del regalo aumenta",RB50DG602ES9EF,24/11/2025,12/12/2025,12/01/2026,Chiusa,No
13339,"Più prodotti Samsung acquisti, più il valore del regalo aumenta",RB50DG601EB1EF,24/11/2025,12/12/2025,12/01/2026,Chiusa,No
13339,"Più prodotti Samsung acquisti, più il valore del regalo aumenta",RF65DG9H0ESREF,24/11/2025,12/12/2025,12/01/2026,Chiusa,No
13339,"Più prodotti Samsung acquisti, più il valore del regalo aumenta",RF65DG9H0EB1EF,24/11/2025,12/12/2025,12/01/2026,Chiusa,No
13339,"Più prodotti Samsung acquisti, più il valore del regalo aumenta",WW11DB8B95GBU3,24/11/2025,12/12/2025,12/01/2026,Chiusa,No
13339,"Più prodotti Samsung acquisti, più il valore del regalo aumenta",DV90DB7845GBU3,24/11/2025,12/12/2025,12/01/2026,Chiusa,No
13339,"Più prodotti Samsung acquisti, più il valore del regalo aumenta",WW11DB7B94GBU3,24/11/2025,12/12/2025,12/01/2026,Chiusa,No
13339,"Più prodotti Samsung acquisti, più il valore del regalo aumenta",WW11DG6B85LKU3,24/11/2025,12/12/2025,12/01/2026,Chiusa,No
13339,"Più prodotti Samsung acquisti, più il valore del regalo aumenta",WW10FG6U94LBU3,24/11/2025,12/12/2025,12/01/2026,Chiusa,No
13339,"Più prodotti Samsung acquisti, più il valore del regalo aumenta",WW90DB7U94GBU3,24/11/2025,12/12/2025,12/01/2026,Chiusa,No
13339,"Più prodotti Samsung acquisti, più il valore del regalo aumenta",WW90DG6U85LKU3,24/11/2025,12/12/2025,12/01/2026,Chiusa,No
13339,"Più prodotti Samsung acquisti, più il valore del regalo aumenta",DV90DG6845LKU3,24/11/2025,12/12/2025,12/01/2026,Chiusa,No
13339,"Più prodotti Samsung acquisti, più il valore del regalo aumenta",RT47CG6626S9ES,24/11/2025,12/12/2025,12/01/2026,Chiusa,No
13339,"Più prodotti Samsung acquisti, più il valore del regalo aumenta",WD11DB7B85GBU3,24/11/2025,12/12/2025,12/01/2026,Chiusa,No
13339,"Più prodotti Samsung acquisti, più il valore del regalo aumenta",WD90DG5B15BEET,24/11/2025,12/12/2025,12/01/2026,Chiusa,No
13339,"Più prodotti Samsung acquisti, più il valore del regalo aumenta",RZ32C7BBES9/EF,24/11/2025,12/12/2025,12/01/2026,Chiusa,No
13339,"Più prodotti Samsung acquisti, più il valore del regalo aumenta",RB38C676CS9/EF,24/11/2025,12/12/2025,12/01/2026,Chiusa,No
13339,"Più prodotti Samsung acquisti, più il valore del regalo aumenta",RF50C530ES9/EF,24/11/2025,12/12/2025,12/01/2026,Chiusa,No
13339,"Più prodotti Samsung acquisti, più il valore del regalo aumenta",RT53DG7A14S9EF,24/11/2025,12/12/2025,12/01/2026,Chiusa,No
13339,"Più prodotti Samsung acquisti, più il valore del regalo aumenta",RT53DG7B14S9EF,24/11/2025,12/12/2025,12/01/2026,Chiusa,No
13339,"Più prodotti Samsung acquisti, più il valore del regalo aumenta",RB38C607AS9/EF,24/11/2025,12/12/2025,12/01/2026,Chiusa,No
13339,"Più prodotti Samsung acquisti, più il valore del regalo aumenta",RB38C672CSA/EF,24/11/2025,12/12/2025,12/01/2026,Chiusa,No
13339,"Più prodotti Samsung acquisti, più il valore del regalo aumenta",RF65DG960ESREF,24/11/2025,12/12/2025,12/01/2026,Chiusa,No
13339,"Più prodotti Samsung acquisti, più il valore del regalo aumenta",WD11DG6B85BKU3,24/11/2025,12/12/2025,12/01/2026,Chiusa,No
13339,"Più prodotti Samsung acquisti, più il valore del regalo aumenta",WD18DB8995BZT2,24/11/2025,12/12/2025,12/01/2026,Chiusa,No
13339,"Più prodotti Samsung acquisti, più il valore del regalo aumenta",RB53DG706CS9EF,24/11/2025,12/12/2025,12/01/2026,Chiusa,No
13339,"Più prodotti Samsung acquisti, più il valore del regalo aumenta",WW90DG6G94LKU3,24/11/2025,12/12/2025,12/01/2026,Chiusa,No
13339,"Più prodotti Samsung acquisti, più il valore del regalo aumenta",WD90DG6B85BKU3,24/11/2025,12/12/2025,12/01/2026,Chiusa,No
13339,"Più prodotti Samsung acquisti, più il valore del regalo aumenta",WW90DB7U94GEU3,24/11/2025,12/12/2025,12/01/2026,Chiusa,No
13339,"Più prodotti Samsung acquisti, più il valore del regalo aumenta",RB38C7B6AB1/EF,24/11/2025,12/12/2025,12/01/2026,Chiusa,No
13339,"Più prodotti Samsung acquisti, più il valore del regalo aumenta",RT62K711RSL/ES,24/11/2025,12/12/2025,12/01/2026,Chiusa,No
13339,"Più prodotti Samsung acquisti, più il valore del regalo aumenta",DV90DG6845LBU3,24/11/2025,12/12/2025,12/01/2026,Chiusa,No
13339,"Più prodotti Samsung acquisti, più il valore del regalo aumenta",DV90F09F4SU3,24/11/2025,12/12/2025,12/01/2026,Chiusa,No
13339,"Più prodotti Samsung acquisti, più il valore del regalo aumenta",WF90F09C4SU3,24/11/2025,12/12/2025,12/01/2026,Chiusa,No
13339,"Più prodotti Samsung acquisti, più il valore del regalo aumenta",RB38T607BS9/EF,24/11/2025,12/12/2025,12/01/2026,Chiusa,No
13339,"Più prodotti Samsung acquisti, più il valore del regalo aumenta",RR39C7BC5S9/EF,24/11/2025,12/12/2025,12/01/2026,Chiusa,No
13339,"Più prodotti Samsung acquisti, più il valore del regalo aumenta",RS90F64EDFEF,24/11/2025,12/12/2025,12/01/2026,Chiusa,No
13339,"Più prodotti Samsung acquisti, più il valore del regalo aumenta",RS90F65EDTEF,24/11/2025,12/12/2025,12/01/2026,Chiusa,No
13339,"Più prodotti Samsung acquisti, più il valore del regalo aumenta",RS90F66BETEF,24/11/2025,12/12/2025,12/01/2026,Chiusa,No
13339,"Più prodotti Samsung acquisti, più il valore del regalo aumenta",RS90F66BEFEF,24/11/2025,12/12/2025,12/01/2026,Chiusa,No
13339,"Più prodotti Samsung acquisti, più il valore del regalo aumenta",RS80F66KBFEF,24/11/2025,12/12/2025,12/01/2026,Chiusa,No
13339,"Più prodotti Samsung acquisti, più il valore del regalo aumenta",RS80F67KCTEF,24/11/2025,12/12/2025,12/01/2026,Chiusa,No
13339,"Più prodotti Samsung acquisti, più il valore del regalo aumenta",BRB70F30BES0EF,24/11/2025,12/12/2025,12/01/2026,Chiusa,No
13339,"Più prodotti Samsung acquisti, più il valore del regalo aumenta",BRB80F26BCS0EF,24/11/2025,12/12/2025,12/01/2026,Chiusa,No
13339,"Più prodotti Samsung acquisti, più il valore del regalo aumenta",BRB80F26BDS0EF,24/11/2025,12/12/2025,12/01/2026,Chiusa,No
13339,"Più prodotti Samsung acquisti, più il valore del regalo aumenta",BRB70F26CES0EF,24/11/2025,12/12/2025,12/01/2026,Chiusa,No
13339,"Più prodotti Samsung acquisti, più il valore del regalo aumenta",NV7B4440VBB/U5,24/11/2025,12/12/2025,12/01/2026,Chiusa,No
13339,"Più prodotti Samsung acquisti, più il valore del regalo aumenta",NV7B45403BS/U5,24/11/2025,12/12/2025,12/01/2026,Chiusa,No
13339,"Più prodotti Samsung acquisti, più il valore del regalo aumenta",NV7B5760WBK/U5,24/11/2025,12/12/2025,12/01/2026,Chiusa,No
13339,"Più prodotti Samsung acquisti, più il valore del regalo aumenta",DW60DG770B00U1,24/11/2025,12/12/2025,12/01/2026,Chiusa,No
13339,"Più prodotti Samsung acquisti, più il valore del regalo aumenta",DW60DG790B00U1,24/11/2025,12/12/2025,12/01/2026,Chiusa,No
13339,"Più prodotti Samsung acquisti, più il valore del regalo aumenta",NZ64B5066KK/U1,24/11/2025,12/12/2025,12/01/2026,Chiusa,No
13339,"Più prodotti Samsung acquisti, più il valore del regalo aumenta",NZ64B5045GK/U1,24/11/2025,12/12/2025,12/01/2026,Chiusa,No
13339,"Più prodotti Samsung acquisti, più il valore del regalo aumenta",NZ85C5047FK/U1,24/11/2025,12/12/2025,12/01/2026,Chiusa,No
13339,"Più prodotti Samsung acquisti, più il valore del regalo aumenta",NZ85C5047KK/U1,24/11/2025,12/12/2025,12/01/2026,Chiusa,No
13403,"Fai crescere il tuo ecosistema Samsung e aumenta il valore dei premi",RF65DG9H0ESREF,14/12/2025,26/12/2025,26/01/2026,Chiusa,No
13403,"Fai crescere il tuo ecosistema Samsung e aumenta il valore dei premi",RF65DG9H0EB1EF,14/12/2025,26/12/2025,26/01/2026,Chiusa,No
13403,"Fai crescere il tuo ecosistema Samsung e aumenta il valore dei premi",WD18DB8995BZT2,14/12/2025,26/12/2025,26/01/2026,Chiusa,No
13403,"Fai crescere il tuo ecosistema Samsung e aumenta il valore dei premi",RF65DG960ESREF,14/12/2025,26/12/2025,26/01/2026,Chiusa,No
13403,"Fai crescere il tuo ecosistema Samsung e aumenta il valore dei premi",RF65DG960EB1EF,14/12/2025,26/12/2025,26/01/2026,Chiusa,No
13403,"Fai crescere il tuo ecosistema Samsung e aumenta il valore dei premi",RM70F67RDREF,14/12/2025,26/12/2025,26/01/2026,Chiusa,No
13403,"Fai crescere il tuo ecosistema Samsung e aumenta il valore dei premi",RF59C70TES9/ES,14/12/2025,26/12/2025,26/01/2026,Chiusa,No
13403,"Fai crescere il tuo ecosistema Samsung e aumenta il valore dei premi",RF59C70TEB1/ES,14/12/2025,26/12/2025,26/01/2026,Chiusa,No
13403,"Fai crescere il tuo ecosistema Samsung e aumenta il valore dei premi",RS90F66BETEF,14/12/2025,26/12/2025,26/01/2026,Chiusa,No
13403,"Fai crescere il tuo ecosistema Samsung e aumenta il valore dei premi",RS90F66BEFEF,14/12/2025,26/12/2025,26/01/2026,Chiusa,No
13403,"Fai crescere il tuo ecosistema Samsung e aumenta il valore dei premi",RS90F67BETEF,14/12/2025,26/12/2025,26/01/2026,Chiusa,No
13403,"Fai crescere il tuo ecosistema Samsung e aumenta il valore dei premi",RB53DG706AB1EF,14/12/2025,26/12/2025,26/01/2026,Chiusa,No
13403,"Fai crescere il tuo ecosistema Samsung e aumenta il valore dei premi",RS80F66KBFEF,14/12/2025,26/12/2025,26/01/2026,Chiusa,No
13403,"Fai crescere il tuo ecosistema Samsung e aumenta il valore dei premi",RS90F64EDFEF,14/12/2025,26/12/2025,26/01/2026,Chiusa,No
13403,"Fai crescere il tuo ecosistema Samsung e aumenta il valore dei premi",RS90F65EDTEF,14/12/2025,26/12/2025,26/01/2026,Chiusa,No
13403,"Fai crescere il tuo ecosistema Samsung e aumenta il valore dei premi",RB53DG706BS9EF,14/12/2025,26/12/2025,26/01/2026,Chiusa,No
13403,"Fai crescere il tuo ecosistema Samsung e aumenta il valore dei premi",RB38C7AGWS9/EF,14/12/2025,26/12/2025,26/01/2026,Chiusa,No
13403,"Fai crescere il tuo ecosistema Samsung e aumenta il valore dei premi",RS80F67KCTEF,14/12/2025,26/12/2025,26/01/2026,Chiusa,No
13403,"Fai crescere il tuo ecosistema Samsung e aumenta il valore dei premi",RB38C7B6AB1/EF,14/12/2025,26/12/2025,26/01/2026,Chiusa,No
13403,"Fai crescere il tuo ecosistema Samsung e aumenta il valore dei premi",RB53DG706CS9EF,14/12/2025,26/12/2025,26/01/2026,Chiusa,No
13403,"Fai crescere il tuo ecosistema Samsung e aumenta il valore dei premi",DV16DG8600BVU3,14/12/2025,26/12/2025,26/01/2026,Chiusa,No
13403,"Fai crescere il tuo ecosistema Samsung e aumenta il valore dei premi",DV90F09F4SU3,14/12/2025,26/12/2025,26/01/2026,Chiusa,No
13403,"Fai crescere il tuo ecosistema Samsung e aumenta il valore dei premi",RF50C530ES9/EF,14/12/2025,26/12/2025,26/01/2026,Chiusa,No
13403,"Fai crescere il tuo ecosistema Samsung e aumenta il valore dei premi",WF20DG8650BVU3,14/12/2025,26/12/2025,26/01/2026,Chiusa,No
13403,"Fai crescere il tuo ecosistema Samsung e aumenta il valore dei premi",RB38C607AS9/EF,14/12/2025,26/12/2025,26/01/2026,Chiusa,No
13403,"Fai crescere il tuo ecosistema Samsung e aumenta il valore dei premi",RB53DG703DS9EF,14/12/2025,26/12/2025,26/01/2026,Chiusa,No
13403,"Fai crescere il tuo ecosistema Samsung e aumenta il valore dei premi",RZ32C7BBES9/EF,14/12/2025,26/12/2025,26/01/2026,Chiusa,No
13403,"Fai crescere il tuo ecosistema Samsung e aumenta il valore dei premi",RR39C7BC5S9/EF,14/12/2025,26/12/2025,26/01/2026,Chiusa,No
13403,"Fai crescere il tuo ecosistema Samsung e aumenta il valore dei premi",RB50DG602ES9EF,14/12/2025,26/12/2025,26/01/2026,Chiusa,No
13403,"Fai crescere il tuo ecosistema Samsung e aumenta il valore dei premi",RB50DG601EB1EF,14/12/2025,26/12/2025,26/01/2026,Chiusa,No
13403,"Fai crescere il tuo ecosistema Samsung e aumenta il valore dei premi",RT62K711RSL/ES,14/12/2025,26/12/2025,26/01/2026,Chiusa,No
13403,"Fai crescere il tuo ecosistema Samsung e aumenta il valore dei premi",WW11DB8B95GBU3,14/12/2025,26/12/2025,26/01/2026,Chiusa,No
13403,"Fai crescere il tuo ecosistema Samsung e aumenta il valore dei premi",WD11DB7B85GBU3,14/12/2025,26/12/2025,26/01/2026,Chiusa,No
13403,"Fai crescere il tuo ecosistema Samsung e aumenta il valore dei premi",WF90F09C4SU3,14/12/2025,26/12/2025,26/01/2026,Chiusa,No
13403,"Fai crescere il tuo ecosistema Samsung e aumenta il valore dei premi",DV90DB8845GBU3,14/12/2025,26/12/2025,26/01/2026,Chiusa,No
13403,"Fai crescere il tuo ecosistema Samsung e aumenta il valore dei premi",RT47CB6736C2ES,14/12/2025,26/12/2025,26/01/2026,Chiusa,No
13403,"Fai crescere il tuo ecosistema Samsung e aumenta il valore dei premi",RB38T607BS9/EF,14/12/2025,26/12/2025,26/01/2026,Chiusa,No
13403,"Fai crescere il tuo ecosistema Samsung e aumenta il valore dei premi",WD11DG6B85BKU3,14/12/2025,26/12/2025,26/01/2026,Chiusa,No
13403,"Fai crescere il tuo ecosistema Samsung e aumenta il valore dei premi",RT53DG7B14S9EF,14/12/2025,26/12/2025,26/01/2026,Chiusa,No
13403,"Fai crescere il tuo ecosistema Samsung e aumenta il valore dei premi",DV90DB7845GBU3,14/12/2025,26/12/2025,26/01/2026,Chiusa,No
13403,"Fai crescere il tuo ecosistema Samsung e aumenta il valore dei premi",DV90DB7845GEU3,14/12/2025,26/12/2025,26/01/2026,Chiusa,No
13403,"Fai crescere il tuo ecosistema Samsung e aumenta il valore dei premi",RB38C705CSR/EF,14/12/2025,26/12/2025,26/01/2026,Chiusa,No
13403,"Fai crescere il tuo ecosistema Samsung e aumenta il valore dei premi",WD90DG6G94BBU3,14/12/2025,26/12/2025,26/01/2026,Chiusa,No
13403,"Fai crescere il tuo ecosistema Samsung e aumenta il valore dei premi",RT47CG6626S9ES,14/12/2025,26/12/2025,26/01/2026,Chiusa,No
13403,"Fai crescere il tuo ecosistema Samsung e aumenta il valore dei premi",RB38C672CSA/EF,14/12/2025,26/12/2025,26/01/2026,Chiusa,No
13403,"Fai crescere il tuo ecosistema Samsung e aumenta il valore dei premi",RB38C774DSA/EF,14/12/2025,26/12/2025,26/01/2026,Chiusa,No
13403,"Fai crescere il tuo ecosistema Samsung e aumenta il valore dei premi",WW11DB7B94GBU3,14/12/2025,26/12/2025,26/01/2026,Chiusa,No
13403,"Fai crescere il tuo ecosistema Samsung e aumenta il valore dei premi",WW11DB7B94GEU3,14/12/2025,26/12/2025,26/01/2026,Chiusa,No
13403,"Fai crescere il tuo ecosistema Samsung e aumenta il valore dei premi",WD11DG5B15BEET,14/12/2025,26/12/2025,26/01/2026,Chiusa,No
13403,"Fai crescere il tuo ecosistema Samsung e aumenta il valore dei premi",WD90DG6B85BKU3,14/12/2025,26/12/2025,26/01/2026,Chiusa,No
13403,"Fai crescere il tuo ecosistema Samsung e aumenta il valore dei premi",RT53DG7A14S9EF,14/12/2025,26/12/2025,26/01/2026,Chiusa,No
13403,"Fai crescere il tuo ecosistema Samsung e aumenta il valore dei premi",DV90DG6845LBU3,14/12/2025,26/12/2025,26/01/2026,Chiusa,No
13403,"Fai crescere il tuo ecosistema Samsung e aumenta il valore dei premi",DV90DG6845LKU3,14/12/2025,26/12/2025,26/01/2026,Chiusa,No
13403,"Fai crescere il tuo ecosistema Samsung e aumenta il valore dei premi",WD90DG5G34BEET,14/12/2025,26/12/2025,26/01/2026,Chiusa,No
13403,"Fai crescere il tuo ecosistema Samsung e aumenta il valore dei premi",RT38CB6624C1ES,14/12/2025,26/12/2025,26/01/2026,Chiusa,No
13403,"Fai crescere il tuo ecosistema Samsung e aumenta il valore dei premi",RT38CG6624S9ES,14/12/2025,26/12/2025,26/01/2026,Chiusa,No
13403,"Fai crescere il tuo ecosistema Samsung e aumenta il valore dei premi",WW11DG6B85LKU3,14/12/2025,26/12/2025,26/01/2026,Chiusa,No
13403,"Fai crescere il tuo ecosistema Samsung e aumenta il valore dei premi",WD90DG5B15BHET,14/12/2025,26/12/2025,26/01/2026,Chiusa,No
13403,"Fai crescere il tuo ecosistema Samsung e aumenta il valore dei premi",WW90DB7U94GBU3,14/12/2025,26/12/2025,26/01/2026,Chiusa,No
13403,"Fai crescere il tuo ecosistema Samsung e aumenta il valore dei premi",WW90DB7U94GEU3,14/12/2025,26/12/2025,26/01/2026,Chiusa,No
13403,"Fai crescere il tuo ecosistema Samsung e aumenta il valore dei premi",WW90DB7U34GWU3,14/12/2025,26/12/2025,26/01/2026,Chiusa,No
13403,"Fai crescere il tuo ecosistema Samsung e aumenta il valore dei premi",WW11DG6B25LKU3,14/12/2025,26/12/2025,26/01/2026,Chiusa,No
13403,"Fai crescere il tuo ecosistema Samsung e aumenta il valore dei premi",WW90DG6G94LKU3,14/12/2025,26/12/2025,26/01/2026,Chiusa,No
13403,"Fai crescere il tuo ecosistema Samsung e aumenta il valore dei premi",WW10FG6U94LBU3,14/12/2025,26/12/2025,26/01/2026,Chiusa,No
13403,"Fai crescere il tuo ecosistema Samsung e aumenta il valore dei premi",WW90DG6U85LKU3,14/12/2025,26/12/2025,26/01/2026,Chiusa,No
13403,"Fai crescere il tuo ecosistema Samsung e aumenta il valore dei premi",WW90DG5G34AEET,14/12/2025,26/12/2025,26/01/2026,Chiusa,No
13403,"Fai crescere il tuo ecosistema Samsung e aumenta il valore dei premi",WW90DG6U25LEU3,14/12/2025,26/12/2025,26/01/2026,Chiusa,No
13403,"Fai crescere il tuo ecosistema Samsung e aumenta il valore dei premi",BRB70F30BES0EF,14/12/2025,26/12/2025,26/01/2026,Chiusa,No
13403,"Fai crescere il tuo ecosistema Samsung e aumenta il valore dei premi",BRB80F26BCS0EF,14/12/2025,26/12/2025,26/01/2026,Chiusa,No
13403,"Fai crescere il tuo ecosistema Samsung e aumenta il valore dei premi",BRB70F26BDS0EF,14/12/2025,26/12/2025,26/01/2026,Chiusa,No
13403,"Fai crescere il tuo ecosistema Samsung e aumenta il valore dei premi",BRB70F26CES0EF,14/12/2025,26/12/2025,26/01/2026,Chiusa,No
13403,"Fai crescere il tuo ecosistema Samsung e aumenta il valore dei premi",DW60CG880B00ET,14/12/2025,26/12/2025,26/01/2026,Chiusa,No
13403,"Fai crescere il tuo ecosistema Samsung e aumenta il valore dei premi",DW60DG770B00U1,14/12/2025,26/12/2025,26/01/2026,Chiusa,No
13403,"Fai crescere il tuo ecosistema Samsung e aumenta il valore dei premi",DW60CG530B00ET,14/12/2025,26/12/2025,26/01/2026,Chiusa,No
13403,"Fai crescere il tuo ecosistema Samsung e aumenta il valore dei premi",NZ64B5066KK/U1,14/12/2025,26/12/2025,26/01/2026,Chiusa,No
13403,"Fai crescere il tuo ecosistema Samsung e aumenta il valore dei premi",NZ64B5045GK/U1,14/12/2025,26/12/2025,26/01/2026,Chiusa,No
13403,"Fai crescere il tuo ecosistema Samsung e aumenta il valore dei premi",NZ85C5047FK/U1,14/12/2025,26/12/2025,26/01/2026,Chiusa,No
13403,"Fai crescere il tuo ecosistema Samsung e aumenta il valore dei premi",NV7B5760WBK,14/12/2025,26/12/2025,26/01/2026,Chiusa,No
13403,"Fai crescere il tuo ecosistema Samsung e aumenta il valore dei premi",NV7B45403BS,14/12/2025,26/12/2025,26/01/2026,Chiusa,No
13403,"Fai crescere il tuo ecosistema Samsung e aumenta il valore dei premi",NV7B4540VBB,14/12/2025,26/12/2025,26/01/2026,Chiusa,No
13403,"Fai crescere il tuo ecosistema Samsung e aumenta il valore dei premi",NV7B44403BS,14/12/2025,26/12/2025,26/01/2026,Chiusa,No
13439,"I frigoriferi Samsung ti premiano con Galaxy Z Flip7 FE",RB53DG706AB1EF,27/12/2025,22/02/2026,22/03/2026,Chiusa,No
13439,"I frigoriferi Samsung ti premiano con Galaxy Z Flip7 FE",RB53DG706BS9EF,27/12/2025,22/02/2026,22/03/2026,Chiusa,No
13439,"I frigoriferi Samsung ti premiano con Galaxy Z Flip7 FE",RB53DG706CS9EF,27/12/2025,22/02/2026,22/03/2026,Chiusa,No
13439,"I frigoriferi Samsung ti premiano con Galaxy Z Flip7 FE",RB53DG703DS9EF,27/12/2025,22/02/2026,22/03/2026,Chiusa,No
13442,"Con i grandi elettrodomestici Samsung in promozione ricevi Galaxy A56 5G",RT47CB6736C2ES,27/12/2025,15/02/2026,15/03/2026,Chiusa,No
13442,"Con i grandi elettrodomestici Samsung in promozione ricevi Galaxy A56 5G",RT47CG6626S9ES,27/12/2025,15/02/2026,15/03/2026,Chiusa,No
13442,"Con i grandi elettrodomestici Samsung in promozione ricevi Galaxy A56 5G",RT53DG7A14S9EF,27/12/2025,15/02/2026,15/03/2026,Chiusa,No
13442,"Con i grandi elettrodomestici Samsung in promozione ricevi Galaxy A56 5G",RT53DG7B14S9EF,27/12/2025,15/02/2026,15/03/2026,Chiusa,No
13442,"Con i grandi elettrodomestici Samsung in promozione ricevi Galaxy A56 5G",RT62K711RSL/ES,27/12/2025,15/02/2026,15/03/2026,Chiusa,No
13442,"Con i grandi elettrodomestici Samsung in promozione ricevi Galaxy A56 5G",RT47CB662612ES,27/12/2025,15/02/2026,15/03/2026,Chiusa,No
13442,"Con i grandi elettrodomestici Samsung in promozione ricevi Galaxy A56 5G",RT47CB662622ES,27/12/2025,15/02/2026,15/03/2026,Chiusa,No
13442,"Con i grandi elettrodomestici Samsung in promozione ricevi Galaxy A56 5G",RT47CG6726S9ES,27/12/2025,15/02/2026,15/03/2026,Chiusa,No
13442,"Con i grandi elettrodomestici Samsung in promozione ricevi Galaxy A56 5G",RT47CG6736S9ES,27/12/2025,15/02/2026,15/03/2026,Chiusa,No
13442,"Con i grandi elettrodomestici Samsung in promozione ricevi Galaxy A56 5G",RT50K6335EF/ES,27/12/2025,15/02/2026,15/03/2026,Chiusa,No
13442,"Con i grandi elettrodomestici Samsung in promozione ricevi Galaxy A56 5G",RT50K633PSL/ES,27/12/2025,15/02/2026,15/03/2026,Chiusa,No
13442,"Con i grandi elettrodomestici Samsung in promozione ricevi Galaxy A56 5G",RT53K6540EF/ES,27/12/2025,15/02/2026,15/03/2026,Chiusa,No
13442,"Con i grandi elettrodomestici Samsung in promozione ricevi Galaxy A56 5G",RT53K6540SL/ES,27/12/2025,15/02/2026,15/03/2026,Chiusa,No
13442,"Con i grandi elettrodomestici Samsung in promozione ricevi Galaxy A56 5G",RT53K665PSL/ES,27/12/2025,15/02/2026,15/03/2026,Chiusa,No
13442,"Con i grandi elettrodomestici Samsung in promozione ricevi Galaxy A56 5G",RT62K7115SL/ES,27/12/2025,15/02/2026,15/03/2026,Chiusa,No
13442,"Con i grandi elettrodomestici Samsung in promozione ricevi Galaxy A56 5G",WF90F09C4SU3,27/12/2025,15/02/2026,15/03/2026,Chiusa,No
13442,"Con i grandi elettrodomestici Samsung in promozione ricevi Galaxy A56 5G",DW60CG880B00ET,27/12/2025,15/02/2026,15/03/2026,Chiusa,No
13442,"Con i grandi elettrodomestici Samsung in promozione ricevi Galaxy A56 5G",DW60DG790B00U1,27/12/2025,15/02/2026,15/03/2026,Chiusa,No
13442,"Con i grandi elettrodomestici Samsung in promozione ricevi Galaxy A56 5G",DW60DG770B00U1,27/12/2025,15/02/2026,15/03/2026,Chiusa,No
13443,"Il meglio delle scope ricaricabili Samsung Jet ti regala, a seconda del prodotto promozionato acquistato, la seconda batteria o la spazzola lavapavimenti",VS20C8524TB/WA,27/12/2025,31/03/2026,30/04/2026,Chiusa,No
13443,"Il meglio delle scope ricaricabili Samsung Jet ti regala, a seconda del prodotto promozionato acquistato, la seconda batteria o la spazzola lavapavimenti",VS20C852FTB/WA,27/12/2025,31/03/2026,30/04/2026,Chiusa,No
13443,"Il meglio delle scope ricaricabili Samsung Jet ti regala, a seconda del prodotto promozionato acquistato, la seconda batteria o la spazzola lavapavimenti",VS20C9554TK/WA,27/12/2025,31/03/2026,30/04/2026,Chiusa,No
13443,"Il meglio delle scope ricaricabili Samsung Jet ti regala, a seconda del prodotto promozionato acquistato, la seconda batteria o la spazzola lavapavimenti",VS20C955CTK/WA,27/12/2025,31/03/2026,30/04/2026,Chiusa,No
13443,"Il meglio delle scope ricaricabili Samsung Jet ti regala, a seconda del prodotto promozionato acquistato, la seconda batteria o la spazzola lavapavimenti",VS80F28DLP/WA,27/12/2025,31/03/2026,30/04/2026,Chiusa,No
13462,"Il meglio della tecnologia Samsung ti regala il Microonde Cottura Essenziale",RS70F64KETEF,22/01/2026,02/04/2026,02/05/2026,Solo registrazione,No
13462,"Il meglio della tecnologia Samsung ti regala il Microonde Cottura Essenziale",RS70F65KETEF,22/01/2026,02/04/2026,02/05/2026,Solo registrazione,No
13462,"Il meglio della tecnologia Samsung ti regala il Microonde Cottura Essenziale",RS70F64KEFEF,22/01/2026,02/04/2026,02/05/2026,Solo registrazione,No
13462,"Il meglio della tecnologia Samsung ti regala il Microonde Cottura Essenziale",RS70F65KEFEF,22/01/2026,02/04/2026,02/05/2026,Solo registrazione,No
13462,"Il meglio della tecnologia Samsung ti regala il Microonde Cottura Essenziale",RS80F67KCTEF,22/01/2026,02/04/2026,02/05/2026,Solo registrazione,No
13462,"Il meglio della tecnologia Samsung ti regala il Microonde Cottura Essenziale",RS80F66KCTEF,22/01/2026,02/04/2026,02/05/2026,Solo registrazione,No
13462,"Il meglio della tecnologia Samsung ti regala il Microonde Cottura Essenziale",RS80F66KBFEF,22/01/2026,02/04/2026,02/05/2026,Solo registrazione,No
13462,"Il meglio della tecnologia Samsung ti regala il Microonde Cottura Essenziale",RS90F64EDFEF,22/01/2026,02/04/2026,02/05/2026,Solo registrazione,No
13462,"Il meglio della tecnologia Samsung ti regala il Microonde Cottura Essenziale",RS90F65EDTEF,22/01/2026,02/04/2026,02/05/2026,Solo registrazione,No
13462,"Il meglio della tecnologia Samsung ti regala il Microonde Cottura Essenziale",RS90F66BETEF,22/01/2026,02/04/2026,02/05/2026,Solo registrazione,No
13462,"Il meglio della tecnologia Samsung ti regala il Microonde Cottura Essenziale",RS90F67BETEF,22/01/2026,02/04/2026,02/05/2026,Solo registrazione,No
13462,"Il meglio della tecnologia Samsung ti regala il Microonde Cottura Essenziale",RS90F66BEFEF,22/01/2026,02/04/2026,02/05/2026,Solo registrazione,No
13462,"Il meglio della tecnologia Samsung ti regala il Microonde Cottura Essenziale",RT47CG6626S9ES,22/01/2026,02/04/2026,02/05/2026,Solo registrazione,No
13462,"Il meglio della tecnologia Samsung ti regala il Microonde Cottura Essenziale",RT47CG6726S9ES,22/01/2026,02/04/2026,02/05/2026,Solo registrazione,No
13462,"Il meglio della tecnologia Samsung ti regala il Microonde Cottura Essenziale",RT47CG6736S9ES,22/01/2026,02/04/2026,02/05/2026,Solo registrazione,No
13462,"Il meglio della tecnologia Samsung ti regala il Microonde Cottura Essenziale",RT47CB6736C2ES,22/01/2026,02/04/2026,02/05/2026,Solo registrazione,No
13462,"Il meglio della tecnologia Samsung ti regala il Microonde Cottura Essenziale",RT47CB662612ES,22/01/2026,02/04/2026,02/05/2026,Solo registrazione,No
13462,"Il meglio della tecnologia Samsung ti regala il Microonde Cottura Essenziale",RT47CB662622ES,22/01/2026,02/04/2026,02/05/2026,Solo registrazione,No
13462,"Il meglio della tecnologia Samsung ti regala il Microonde Cottura Essenziale",RT50K6335EF/ES,22/01/2026,02/04/2026,02/05/2026,Solo registrazione,No
13462,"Il meglio della tecnologia Samsung ti regala il Microonde Cottura Essenziale",RT50K633PSL/ES,22/01/2026,02/04/2026,02/05/2026,Solo registrazione,No
13462,"Il meglio della tecnologia Samsung ti regala il Microonde Cottura Essenziale",RT53DG7A14S9EF,22/01/2026,02/04/2026,02/05/2026,Solo registrazione,No
13462,"Il meglio della tecnologia Samsung ti regala il Microonde Cottura Essenziale",RT53K6540EF/ES,22/01/2026,02/04/2026,02/05/2026,Solo registrazione,No
13462,"Il meglio della tecnologia Samsung ti regala il Microonde Cottura Essenziale",RT53K6540SL/ES,22/01/2026,02/04/2026,02/05/2026,Solo registrazione,No
13462,"Il meglio della tecnologia Samsung ti regala il Microonde Cottura Essenziale",RT53K665PSL/ES,22/01/2026,02/04/2026,02/05/2026,Solo registrazione,No
13462,"Il meglio della tecnologia Samsung ti regala il Microonde Cottura Essenziale",RT53DG7B14S9EF,22/01/2026,02/04/2026,02/05/2026,Solo registrazione,No
13462,"Il meglio della tecnologia Samsung ti regala il Microonde Cottura Essenziale",RT62K7115SL/ES,22/01/2026,02/04/2026,02/05/2026,Solo registrazione,No
13462,"Il meglio della tecnologia Samsung ti regala il Microonde Cottura Essenziale",RT62K711RSL/ES,22/01/2026,02/04/2026,02/05/2026,Solo registrazione,No
13462,"Il meglio della tecnologia Samsung ti regala il Microonde Cottura Essenziale",RB53DG706AB1EF,22/01/2026,02/04/2026,02/05/2026,Solo registrazione,No
13462,"Il meglio della tecnologia Samsung ti regala il Microonde Cottura Essenziale",RB53DG706BS9EF,22/01/2026,02/04/2026,02/05/2026,Solo registrazione,No
13462,"Il meglio della tecnologia Samsung ti regala il Microonde Cottura Essenziale",RB53DG706CS9EF,22/01/2026,02/04/2026,02/05/2026,Solo registrazione,No
13462,"Il meglio della tecnologia Samsung ti regala il Microonde Cottura Essenziale",RB53DG703DS9EF,22/01/2026,02/04/2026,02/05/2026,Solo registrazione,No
13462,"Il meglio della tecnologia Samsung ti regala il Microonde Cottura Essenziale",RB53DG703CB1EF,22/01/2026,02/04/2026,02/05/2026,Solo registrazione,No
13462,"Il meglio della tecnologia Samsung ti regala il Microonde Cottura Essenziale",RB38T607BS9/EF,22/01/2026,02/04/2026,02/05/2026,Solo registrazione,No
13462,"Il meglio della tecnologia Samsung ti regala il Microonde Cottura Essenziale",RB38C607AS9/EF,22/01/2026,02/04/2026,02/05/2026,Solo registrazione,No
13462,"Il meglio della tecnologia Samsung ti regala il Microonde Cottura Essenziale",RL38C776ASR/EF,22/01/2026,02/04/2026,02/05/2026,Solo registrazione,No
13462,"Il meglio della tecnologia Samsung ti regala il Microonde Cottura Essenziale",RB38C7B6BS9/EF,22/01/2026,02/04/2026,02/05/2026,Solo registrazione,No
13462,"Il meglio della tecnologia Samsung ti regala il Microonde Cottura Essenziale",RB38C7B6BB1/EF,22/01/2026,02/04/2026,02/05/2026,Solo registrazione,No
13462,"Il meglio della tecnologia Samsung ti regala il Microonde Cottura Essenziale",RB38C7B6AB1/EF,22/01/2026,02/04/2026,02/05/2026,Solo registrazione,No
13462,"Il meglio della tecnologia Samsung ti regala il Microonde Cottura Essenziale",RB38C7B6AS9/EF,22/01/2026,02/04/2026,02/05/2026,Solo registrazione,No
13462,"Il meglio della tecnologia Samsung ti regala il Microonde Cottura Essenziale",RB38A7CGTS9/EF,22/01/2026,02/04/2026,02/05/2026,Solo registrazione,No
13462,"Il meglio della tecnologia Samsung ti regala il Microonde Cottura Essenziale",RB38C7AGWS9/EF,22/01/2026,02/04/2026,02/05/2026,Solo registrazione,No
13462,"Il meglio della tecnologia Samsung ti regala il Microonde Cottura Essenziale",RL38T607BB1/EF,22/01/2026,02/04/2026,02/05/2026,Solo registrazione,No
13462,"Il meglio della tecnologia Samsung ti regala il Microonde Cottura Essenziale",RL38T607BS9/EF,22/01/2026,02/04/2026,02/05/2026,Solo registrazione,No
13462,"Il meglio della tecnologia Samsung ti regala il Microonde Cottura Essenziale",RB38C7B5BS9/EF,22/01/2026,02/04/2026,02/05/2026,Solo registrazione,No
13462,"Il meglio della tecnologia Samsung ti regala il Microonde Cottura Essenziale",RB38C775CS9/EF,22/01/2026,02/04/2026,02/05/2026,Solo registrazione,No
13462,"Il meglio della tecnologia Samsung ti regala il Microonde Cottura Essenziale",RB38C776CS9/EF,22/01/2026,02/04/2026,02/05/2026,Solo registrazione,No
13462,"Il meglio della tecnologia Samsung ti regala il Microonde Cottura Essenziale",RB38C705CSR/EF,22/01/2026,02/04/2026,02/05/2026,Solo registrazione,No
13462,"Il meglio della tecnologia Samsung ti regala il Microonde Cottura Essenziale",RB38C775CSR/EF,22/01/2026,02/04/2026,02/05/2026,Solo registrazione,No
13462,"Il meglio della tecnologia Samsung ti regala il Microonde Cottura Essenziale",RB38C7B6CAP/EF,22/01/2026,02/04/2026,02/05/2026,Solo registrazione,No
13462,"Il meglio della tecnologia Samsung ti regala il Microonde Cottura Essenziale",RB38C7B6CS9/EF,22/01/2026,02/04/2026,02/05/2026,Solo registrazione,No
13462,"Il meglio della tecnologia Samsung ti regala il Microonde Cottura Essenziale",RB38C776CB1/EF,22/01/2026,02/04/2026,02/05/2026,Solo registrazione,No
13462,"Il meglio della tecnologia Samsung ti regala il Microonde Cottura Essenziale",WW90DG6G94LKU3,22/01/2026,02/04/2026,02/05/2026,Solo registrazione,No
13462,"Il meglio della tecnologia Samsung ti regala il Microonde Cottura Essenziale",WW90DG5G34AEET,22/01/2026,02/04/2026,02/05/2026,Solo registrazione,No
13462,"Il meglio della tecnologia Samsung ti regala il Microonde Cottura Essenziale",WD90DG6G94BBU3,22/01/2026,02/04/2026,02/05/2026,Solo registrazione,No
13462,"Il meglio della tecnologia Samsung ti regala il Microonde Cottura Essenziale",WD90DG5G34BEET,22/01/2026,02/04/2026,02/05/2026,Solo registrazione,No
13462,"Il meglio della tecnologia Samsung ti regala il Microonde Cottura Essenziale",WD18DB8995BZT2,22/01/2026,02/04/2026,02/05/2026,Solo registrazione,No
13462,"Il meglio della tecnologia Samsung ti regala il Microonde Cottura Essenziale",WD11DB7B85GBU3,22/01/2026,02/04/2026,02/05/2026,Solo registrazione,No
13462,"Il meglio della tecnologia Samsung ti regala il Microonde Cottura Essenziale",WD11DG6B85BKU3,22/01/2026,02/04/2026,02/05/2026,Solo registrazione,No
13462,"Il meglio della tecnologia Samsung ti regala il Microonde Cottura Essenziale",WD10T534DBW/S3,22/01/2026,02/04/2026,02/05/2026,Solo registrazione,No
13462,"Il meglio della tecnologia Samsung ti regala il Microonde Cottura Essenziale",WD11DG5B15BEET,22/01/2026,02/04/2026,02/05/2026,Solo registrazione,No
13462,"Il meglio della tecnologia Samsung ti regala il Microonde Cottura Essenziale",WD90DG6B85BKU3,22/01/2026,02/04/2026,02/05/2026,Solo registrazione,No
13462,"Il meglio della tecnologia Samsung ti regala il Microonde Cottura Essenziale",WD90T534DBW/S3,22/01/2026,02/04/2026,02/05/2026,Solo registrazione,No
13462,"Il meglio della tecnologia Samsung ti regala il Microonde Cottura Essenziale",WD90DG5B15BEET,22/01/2026,02/04/2026,02/05/2026,Solo registrazione,No
13462,"Il meglio della tecnologia Samsung ti regala il Microonde Cottura Essenziale",WD90DG5B15BHET,22/01/2026,02/04/2026,02/05/2026,Solo registrazione,No
13462,"Il meglio della tecnologia Samsung ti regala il Microonde Cottura Essenziale",WW10FG6U94LBU3,22/01/2026,02/04/2026,02/05/2026,Solo registrazione,No
13463,"Gli elettrodomestici da incasso Samsung ti premiano: più prodotti acquisti più il valore dei premi cresce",NZ85C5047FK/U1,22/01/2026,31/03/2026,30/04/2026,Chiusa,No
13463,"Gli elettrodomestici da incasso Samsung ti premiano: più prodotti acquisti più il valore dei premi cresce",NZ64B5066KK/U1,22/01/2026,31/03/2026,30/04/2026,Chiusa,No
13463,"Gli elettrodomestici da incasso Samsung ti premiano: più prodotti acquisti più il valore dei premi cresce",NZ64B5045GK/U1,22/01/2026,31/03/2026,30/04/2026,Chiusa,No
13463,"Gli elettrodomestici da incasso Samsung ti premiano: più prodotti acquisti più il valore dei premi cresce",NV7B4540VBB/U5,22/01/2026,31/03/2026,30/04/2026,Chiusa,No
13463,"Gli elettrodomestici da incasso Samsung ti premiano: più prodotti acquisti più il valore dei premi cresce",NV7B45403BS/U5,22/01/2026,31/03/2026,30/04/2026,Chiusa,No
13463,"Gli elettrodomestici da incasso Samsung ti premiano: più prodotti acquisti più il valore dei premi cresce",NV7B5760WBK/U5,22/01/2026,31/03/2026,30/04/2026,Chiusa,No
13498,"Crea la tua cucina con il meglio dell’incasso Samsung e ricevi il nuovo Robot Aspirapolvere Bespoke AI Jet Bot Steam Plus",NV75T9979CD/ET,01/02/2026,30/06/2026,01/10/2026,Live,No
13498,"Crea la tua cucina con il meglio dell’incasso Samsung e ricevi il nuovo Robot Aspirapolvere Bespoke AI Jet Bot Steam Plus",NV75T8979RK/ET,01/02/2026,30/06/2026,01/10/2026,Live,No
13498,"Crea la tua cucina con il meglio dell’incasso Samsung e ricevi il nuovo Robot Aspirapolvere Bespoke AI Jet Bot Steam Plus",NV7B7997ABK/U5,01/02/2026,30/06/2026,01/10/2026,Live,No
13498,"Crea la tua cucina con il meglio dell’incasso Samsung e ricevi il nuovo Robot Aspirapolvere Bespoke AI Jet Bot Steam Plus",NV7B6799JBK/U5,01/02/2026,30/06/2026,01/10/2026,Live,No
13498,"Crea la tua cucina con il meglio dell’incasso Samsung e ricevi il nuovo Robot Aspirapolvere Bespoke AI Jet Bot Steam Plus",NV7B5770WBK/U5,01/02/2026,30/06/2026,01/10/2026,Live,No
13498,"Crea la tua cucina con il meglio dell’incasso Samsung e ricevi il nuovo Robot Aspirapolvere Bespoke AI Jet Bot Steam Plus",NV7B5755SBS/U5,01/02/2026,30/06/2026,01/10/2026,Live,No
13498,"Crea la tua cucina con il meglio dell’incasso Samsung e ricevi il nuovo Robot Aspirapolvere Bespoke AI Jet Bot Steam Plus",NV7B5640TBK/U5,01/02/2026,30/06/2026,01/10/2026,Live,No
13498,"Crea la tua cucina con il meglio dell’incasso Samsung e ricevi il nuovo Robot Aspirapolvere Bespoke AI Jet Bot Steam Plus",NV7B4540VBS/U5,01/02/2026,30/06/2026,01/10/2026,Live,No
13498,"Crea la tua cucina con il meglio dell’incasso Samsung e ricevi il nuovo Robot Aspirapolvere Bespoke AI Jet Bot Steam Plus",NV7B4540VBK/U5,01/02/2026,30/06/2026,01/10/2026,Live,No
13498,"Crea la tua cucina con il meglio dell’incasso Samsung e ricevi il nuovo Robot Aspirapolvere Bespoke AI Jet Bot Steam Plus",NV7B4340UBB/U5,01/02/2026,30/06/2026,01/10/2026,Live,No
13498,"Crea la tua cucina con il meglio dell’incasso Samsung e ricevi il nuovo Robot Aspirapolvere Bespoke AI Jet Bot Steam Plus",NV7B4240UBB/U5,01/02/2026,30/06/2026,01/10/2026,Live,No
13498,"Crea la tua cucina con il meglio dell’incasso Samsung e ricevi il nuovo Robot Aspirapolvere Bespoke AI Jet Bot Steam Plus",NV7B4240UBS/U5,01/02/2026,30/06/2026,01/10/2026,Live,No
13498,"Crea la tua cucina con il meglio dell’incasso Samsung e ricevi il nuovo Robot Aspirapolvere Bespoke AI Jet Bot Steam Plus",NV7B41307AK/U1,01/02/2026,30/06/2026,01/10/2026,Live,No
13498,"Crea la tua cucina con il meglio dell’incasso Samsung e ricevi il nuovo Robot Aspirapolvere Bespoke AI Jet Bot Steam Plus",NV7B4140VBB/U5,01/02/2026,30/06/2026,01/10/2026,Live,No
13498,"Crea la tua cucina con il meglio dell’incasso Samsung e ricevi il nuovo Robot Aspirapolvere Bespoke AI Jet Bot Steam Plus",NV7B41403BS/U5,01/02/2026,30/06/2026,01/10/2026,Live,No
13498,"Crea la tua cucina con il meglio dell’incasso Samsung e ricevi il nuovo Robot Aspirapolvere Bespoke AI Jet Bot Steam Plus",NV7B4040VBK/U5,01/02/2026,30/06/2026,01/10/2026,Live,No
13498,"Crea la tua cucina con il meglio dell’incasso Samsung e ricevi il nuovo Robot Aspirapolvere Bespoke AI Jet Bot Steam Plus",NV7B5760WBK/U5,01/02/2026,30/06/2026,01/10/2026,Live,No
13498,"Crea la tua cucina con il meglio dell’incasso Samsung e ricevi il nuovo Robot Aspirapolvere Bespoke AI Jet Bot Steam Plus",NV7B45403BS/U5,01/02/2026,30/06/2026,01/10/2026,Live,No
13498,"Crea la tua cucina con il meglio dell’incasso Samsung e ricevi il nuovo Robot Aspirapolvere Bespoke AI Jet Bot Steam Plus",NV7B4040VBB/U5,01/02/2026,30/06/2026,01/10/2026,Live,No
13498,"Crea la tua cucina con il meglio dell’incasso Samsung e ricevi il nuovo Robot Aspirapolvere Bespoke AI Jet Bot Steam Plus",NV7B4040VBS/U5,01/02/2026,30/06/2026,01/10/2026,Live,No
13498,"Crea la tua cucina con il meglio dell’incasso Samsung e ricevi il nuovo Robot Aspirapolvere Bespoke AI Jet Bot Steam Plus",NQ50T9539BD/ET,01/02/2026,30/06/2026,01/10/2026,Live,No
13498,"Crea la tua cucina con il meglio dell’incasso Samsung e ricevi il nuovo Robot Aspirapolvere Bespoke AI Jet Bot Steam Plus",NQ50T8539BK/ET,01/02/2026,30/06/2026,01/10/2026,Live,No
13498,"Crea la tua cucina con il meglio dell’incasso Samsung e ricevi il nuovo Robot Aspirapolvere Bespoke AI Jet Bot Steam Plus",NQ5B6753CAK/U5,01/02/2026,30/06/2026,01/10/2026,Live,No
13498,"Crea la tua cucina con il meglio dell’incasso Samsung e ricevi il nuovo Robot Aspirapolvere Bespoke AI Jet Bot Steam Plus",NQ5B5713GBK/U5,01/02/2026,30/06/2026,01/10/2026,Live,No
13498,"Crea la tua cucina con il meglio dell’incasso Samsung e ricevi il nuovo Robot Aspirapolvere Bespoke AI Jet Bot Steam Plus",NQ5B5713GBS/U5,01/02/2026,30/06/2026,01/10/2026,Live,No
13498,"Crea la tua cucina con il meglio dell’incasso Samsung e ricevi il nuovo Robot Aspirapolvere Bespoke AI Jet Bot Steam Plus",NQ5B4363EBS/U5,01/02/2026,30/06/2026,01/10/2026,Live,No
13498,"Crea la tua cucina con il meglio dell’incasso Samsung e ricevi il nuovo Robot Aspirapolvere Bespoke AI Jet Bot Steam Plus",NQ5B4513GBK/U5,01/02/2026,30/06/2026,01/10/2026,Live,No
13498,"Crea la tua cucina con il meglio dell’incasso Samsung e ricevi il nuovo Robot Aspirapolvere Bespoke AI Jet Bot Steam Plus",NQ5B4513GBS/U5,01/02/2026,30/06/2026,01/10/2026,Live,No
13498,"Crea la tua cucina con il meglio dell’incasso Samsung e ricevi il nuovo Robot Aspirapolvere Bespoke AI Jet Bot Steam Plus",NZ85C6058KK/U1,01/02/2026,30/06/2026,01/10/2026,Live,No
13498,"Crea la tua cucina con il meglio dell’incasso Samsung e ricevi il nuovo Robot Aspirapolvere Bespoke AI Jet Bot Steam Plus",NZ84C6058KK/U1,01/02/2026,30/06/2026,01/10/2026,Live,No
13498,"Crea la tua cucina con il meglio dell’incasso Samsung e ricevi il nuovo Robot Aspirapolvere Bespoke AI Jet Bot Steam Plus",NZ84C6057KK/U1,01/02/2026,30/06/2026,01/10/2026,Live,No
13498,"Crea la tua cucina con il meglio dell’incasso Samsung e ricevi il nuovo Robot Aspirapolvere Bespoke AI Jet Bot Steam Plus",NZ85C5047KK/U1,01/02/2026,30/06/2026,01/10/2026,Live,No
13498,"Crea la tua cucina con il meglio dell’incasso Samsung e ricevi il nuovo Robot Aspirapolvere Bespoke AI Jet Bot Steam Plus",NZ64B7799KK/U1,01/02/2026,30/06/2026,01/10/2026,Live,No
13498,"Crea la tua cucina con il meglio dell’incasso Samsung e ricevi il nuovo Robot Aspirapolvere Bespoke AI Jet Bot Steam Plus",NZ64B6058KK/U1,01/02/2026,30/06/2026,01/10/2026,Live,No
13498,"Crea la tua cucina con il meglio dell’incasso Samsung e ricevi il nuovo Robot Aspirapolvere Bespoke AI Jet Bot Steam Plus",NZ64B5066FK/U1,01/02/2026,30/06/2026,01/10/2026,Live,No
13498,"Crea la tua cucina con il meglio dell’incasso Samsung e ricevi il nuovo Robot Aspirapolvere Bespoke AI Jet Bot Steam Plus",NZ64B5046GK/U1,01/02/2026,30/06/2026,01/10/2026,Live,No
13498,"Crea la tua cucina con il meglio dell’incasso Samsung e ricevi il nuovo Robot Aspirapolvere Bespoke AI Jet Bot Steam Plus",NZ64B4016KK/U1,01/02/2026,30/06/2026,01/10/2026,Live,No
13498,"Crea la tua cucina con il meglio dell’incasso Samsung e ricevi il nuovo Robot Aspirapolvere Bespoke AI Jet Bot Steam Plus",NZ32BG2005FKU1,01/02/2026,30/06/2026,01/10/2026,Live,No
13498,"Crea la tua cucina con il meglio dell’incasso Samsung e ricevi il nuovo Robot Aspirapolvere Bespoke AI Jet Bot Steam Plus",CC90H84JADUR,01/02/2026,30/06/2026,01/10/2026,Live,No
13498,"Crea la tua cucina con il meglio dell’incasso Samsung e ricevi il nuovo Robot Aspirapolvere Bespoke AI Jet Bot Steam Plus",CC90H84PADUR,01/02/2026,30/06/2026,01/10/2026,Live,No
13498,"Crea la tua cucina con il meglio dell’incasso Samsung e ricevi il nuovo Robot Aspirapolvere Bespoke AI Jet Bot Steam Plus",BRB38G703EWWEF,01/02/2026,30/06/2026,01/10/2026,Live,No
13498,"Crea la tua cucina con il meglio dell’incasso Samsung e ricevi il nuovo Robot Aspirapolvere Bespoke AI Jet Bot Steam Plus",BRB38G705DWWEF,01/02/2026,30/06/2026,01/10/2026,Live,No
13498,"Crea la tua cucina con il meglio dell’incasso Samsung e ricevi il nuovo Robot Aspirapolvere Bespoke AI Jet Bot Steam Plus",BRB38G705EWWEF,01/02/2026,30/06/2026,01/10/2026,Live,No
13498,"Crea la tua cucina con il meglio dell’incasso Samsung e ricevi il nuovo Robot Aspirapolvere Bespoke AI Jet Bot Steam Plus",BRB80F26ACS0EF,01/02/2026,30/06/2026,01/10/2026,Live,No
13498,"Crea la tua cucina con il meglio dell’incasso Samsung e ricevi il nuovo Robot Aspirapolvere Bespoke AI Jet Bot Steam Plus",BRB80F30AES0EF,01/02/2026,30/06/2026,01/10/2026,Live,No
13498,"Crea la tua cucina con il meglio dell’incasso Samsung e ricevi il nuovo Robot Aspirapolvere Bespoke AI Jet Bot Steam Plus",BRB80F26ADS0EF,01/02/2026,30/06/2026,01/10/2026,Live,No
13498,"Crea la tua cucina con il meglio dell’incasso Samsung e ricevi il nuovo Robot Aspirapolvere Bespoke AI Jet Bot Steam Plus",BRB80F26CES0EF,01/02/2026,30/06/2026,01/10/2026,Live,No
13498,"Crea la tua cucina con il meglio dell’incasso Samsung e ricevi il nuovo Robot Aspirapolvere Bespoke AI Jet Bot Steam Plus",BRB80F26DES0EF,01/02/2026,30/06/2026,01/10/2026,Live,No
13498,"Crea la tua cucina con il meglio dell’incasso Samsung e ricevi il nuovo Robot Aspirapolvere Bespoke AI Jet Bot Steam Plus",BRD27703EWW/EF,01/02/2026,30/06/2026,01/10/2026,Live,No
13498,"Crea la tua cucina con il meglio dell’incasso Samsung e ricevi il nuovo Robot Aspirapolvere Bespoke AI Jet Bot Steam Plus",BRR29703EWW/EF,01/02/2026,30/06/2026,01/10/2026,Live,No
13498,"Crea la tua cucina con il meglio dell’incasso Samsung e ricevi il nuovo Robot Aspirapolvere Bespoke AI Jet Bot Steam Plus",BRZ22700EWW/EF,01/02/2026,30/06/2026,01/10/2026,Live,No
13498,"Crea la tua cucina con il meglio dell’incasso Samsung e ricevi il nuovo Robot Aspirapolvere Bespoke AI Jet Bot Steam Plus",DW60DG790I00U1,01/02/2026,30/06/2026,01/10/2026,Live,No
13498,"Crea la tua cucina con il meglio dell’incasso Samsung e ricevi il nuovo Robot Aspirapolvere Bespoke AI Jet Bot Steam Plus",DW80H73QAI0U1,01/02/2026,30/06/2026,01/10/2026,Live,No
13498,"Crea la tua cucina con il meglio dell’incasso Samsung e ricevi il nuovo Robot Aspirapolvere Bespoke AI Jet Bot Steam Plus",DW60DG770I00U1,01/02/2026,30/06/2026,01/10/2026,Live,No
13498,"Crea la tua cucina con il meglio dell’incasso Samsung e ricevi il nuovo Robot Aspirapolvere Bespoke AI Jet Bot Steam Plus",DW80H73WBI0U1,01/02/2026,30/06/2026,01/10/2026,Live,No
13498,"Crea la tua cucina con il meglio dell’incasso Samsung e ricevi il nuovo Robot Aspirapolvere Bespoke AI Jet Bot Steam Plus",RF50C530EB1/EF,01/02/2026,30/06/2026,01/10/2026,Live,No
13498,"Crea la tua cucina con il meglio dell’incasso Samsung e ricevi il nuovo Robot Aspirapolvere Bespoke AI Jet Bot Steam Plus",RS80F64JEBEF,01/02/2026,30/06/2026,01/10/2026,Live,No
13498,"Crea la tua cucina con il meglio dell’incasso Samsung e ricevi il nuovo Robot Aspirapolvere Bespoke AI Jet Bot Steam Plus",RS70F64KDTEF,01/02/2026,30/06/2026,01/10/2026,Live,No
13498,"Crea la tua cucina con il meglio dell’incasso Samsung e ricevi il nuovo Robot Aspirapolvere Bespoke AI Jet Bot Steam Plus",RS70F65QEFEF,01/02/2026,30/06/2026,01/10/2026,Live,No
13498,"Crea la tua cucina con il meglio dell’incasso Samsung e ricevi il nuovo Robot Aspirapolvere Bespoke AI Jet Bot Steam Plus",RS70F64KDFEF,01/02/2026,30/06/2026,01/10/2026,Live,No
13498,"Crea la tua cucina con il meglio dell’incasso Samsung e ricevi il nuovo Robot Aspirapolvere Bespoke AI Jet Bot Steam Plus",RB38C603DB1/EF,01/02/2026,30/06/2026,01/10/2026,Live,No
13498,"Crea la tua cucina con il meglio dell’incasso Samsung e ricevi il nuovo Robot Aspirapolvere Bespoke AI Jet Bot Steam Plus",RB53DG703ES9EF,01/02/2026,30/06/2026,01/10/2026,Live,No
13498,"Crea la tua cucina con il meglio dell’incasso Samsung e ricevi il nuovo Robot Aspirapolvere Bespoke AI Jet Bot Steam Plus",RB53DG703EB1EF,01/02/2026,30/06/2026,01/10/2026,Live,No
13498,"Crea la tua cucina con il meglio dell’incasso Samsung e ricevi il nuovo Robot Aspirapolvere Bespoke AI Jet Bot Steam Plus",RB38C602DSA/EF,01/02/2026,30/06/2026,01/10/2026,Live,No
13498,"Crea la tua cucina con il meglio dell’incasso Samsung e ricevi il nuovo Robot Aspirapolvere Bespoke AI Jet Bot Steam Plus",RB34C601DSA/EF,01/02/2026,30/06/2026,01/10/2026,Live,No
13498,"Crea la tua cucina con il meglio dell’incasso Samsung e ricevi il nuovo Robot Aspirapolvere Bespoke AI Jet Bot Steam Plus",RT42CG6724S9ES,01/02/2026,30/06/2026,01/10/2026,Live,No
13537,"PREMIUM SERVICE BUILT-IN 2026",NV75T9979CD/ET,01/02/2026,31/12/2026,31/01/2027,Live,Si
13537,"PREMIUM SERVICE BUILT-IN 2026",NV75T8979RK/ET,01/02/2026,31/12/2026,31/01/2027,Live,Si
13537,"PREMIUM SERVICE BUILT-IN 2026",NQ50T9539BD/ET,01/02/2026,31/12/2026,31/01/2027,Live,Si
13537,"PREMIUM SERVICE BUILT-IN 2026",NQ50T8539BK/ET,01/02/2026,31/12/2026,31/01/2027,Live,Si
13537,"PREMIUM SERVICE BUILT-IN 2026",NV7B7997ABK/U5,01/02/2026,31/12/2026,31/01/2027,Live,Si
13537,"PREMIUM SERVICE BUILT-IN 2026",NV7B6799JBK/U5,01/02/2026,31/12/2026,31/01/2027,Live,Si
13537,"PREMIUM SERVICE BUILT-IN 2026",NQ5B6753CAK/U5,01/02/2026,31/12/2026,31/01/2027,Live,Si
13537,"PREMIUM SERVICE BUILT-IN 2026",NV7B5770WBK/U5,01/02/2026,31/12/2026,31/01/2027,Live,Si
13537,"PREMIUM SERVICE BUILT-IN 2026",NV7B5755SBS/U5,01/02/2026,31/12/2026,31/01/2027,Live,Si
13537,"PREMIUM SERVICE BUILT-IN 2026",NV7B5640TBK/U5,01/02/2026,31/12/2026,31/01/2027,Live,Si
13537,"PREMIUM SERVICE BUILT-IN 2026",NQ5B5713GBK/U5,01/02/2026,31/12/2026,31/01/2027,Live,Si
13537,"PREMIUM SERVICE BUILT-IN 2026",NQ5B5713GBS/U5,01/02/2026,31/12/2026,31/01/2027,Live,Si
13537,"PREMIUM SERVICE BUILT-IN 2026",NV7B4340UBB/U5,01/02/2026,31/12/2026,31/01/2027,Live,Si
13537,"PREMIUM SERVICE BUILT-IN 2026",NV7B4540VBK/U5,01/02/2026,31/12/2026,31/01/2027,Live,Si
13537,"PREMIUM SERVICE BUILT-IN 2026",NV7B4540VBS/U5,01/02/2026,31/12/2026,31/01/2027,Live,Si
13537,"PREMIUM SERVICE BUILT-IN 2026",NZ84T9747VK/UR,01/02/2026,31/12/2026,31/01/2027,Live,Si
13537,"PREMIUM SERVICE BUILT-IN 2026",NZ84T9747UK/UR,01/02/2026,31/12/2026,31/01/2027,Live,Si
13537,"PREMIUM SERVICE BUILT-IN 2026",CC90H84JADUR,01/02/2026,31/12/2026,31/01/2027,Live,Si
13537,"PREMIUM SERVICE BUILT-IN 2026",CC90H84PADUR,01/02/2026,31/12/2026,31/01/2027,Live,Si
13537,"PREMIUM SERVICE BUILT-IN 2026",NZ85C6058KK/U1,01/02/2026,31/12/2026,31/01/2027,Live,Si
13537,"PREMIUM SERVICE BUILT-IN 2026",NZ84C6058KK/U1,01/02/2026,31/12/2026,31/01/2027,Live,Si
13537,"PREMIUM SERVICE BUILT-IN 2026",NZ84C6057KK/U1,01/02/2026,31/12/2026,31/01/2027,Live,Si
13537,"PREMIUM SERVICE BUILT-IN 2026",NZ85C5047KK/U1,01/02/2026,31/12/2026,31/01/2027,Live,Si
13537,"PREMIUM SERVICE BUILT-IN 2026",NZ64B7799KK/U1,01/02/2026,31/12/2026,31/01/2027,Live,Si
13537,"PREMIUM SERVICE BUILT-IN 2026",NZ64B5066FK/U1,01/02/2026,31/12/2026,31/01/2027,Live,Si
13537,"PREMIUM SERVICE BUILT-IN 2026",NZ64B6058KK/U1,01/02/2026,31/12/2026,31/01/2027,Live,Si
13537,"PREMIUM SERVICE BUILT-IN 2026",CC70H64R0D,01/02/2026,31/12/2026,31/01/2027,Live,Si
13537,"PREMIUM SERVICE BUILT-IN 2026",CC70H64M0D,01/02/2026,31/12/2026,31/01/2027,Live,Si
13537,"PREMIUM SERVICE BUILT-IN 2026",CC70H64L0D,01/02/2026,31/12/2026,31/01/2027,Live,Si
13537,"PREMIUM SERVICE BUILT-IN 2026",CC70H64S0D,01/02/2026,31/12/2026,31/01/2027,Live,Si
13537,"PREMIUM SERVICE BUILT-IN 2026",CC70H85J0D,01/02/2026,31/12/2026,31/01/2027,Live,Si
13537,"PREMIUM SERVICE BUILT-IN 2026",CC70H85R0D,01/02/2026,31/12/2026,31/01/2027,Live,Si
13537,"PREMIUM SERVICE BUILT-IN 2026",DW60DG790I00U1,01/02/2026,31/12/2026,31/01/2027,Live,Si
13537,"PREMIUM SERVICE BUILT-IN 2026",DW60DG770I00U1,01/02/2026,31/12/2026,31/01/2027,Live,Si
13537,"PREMIUM SERVICE BUILT-IN 2026",DW80H73QAI0U1,01/02/2026,31/12/2026,31/01/2027,Live,Si
13537,"PREMIUM SERVICE BUILT-IN 2026",DW80H73WBI0U1,01/02/2026,31/12/2026,31/01/2027,Live,Si
13537,"PREMIUM SERVICE BUILT-IN 2026",BRB38G703EWWEF,01/02/2026,31/12/2026,31/01/2027,Live,Si
13537,"PREMIUM SERVICE BUILT-IN 2026",BRB38G705DWWEF,01/02/2026,31/12/2026,31/01/2027,Live,Si
13537,"PREMIUM SERVICE BUILT-IN 2026",BRB38G705EWWEF,01/02/2026,31/12/2026,31/01/2027,Live,Si
13537,"PREMIUM SERVICE BUILT-IN 2026",BRB80F26ACS0EF,01/02/2026,31/12/2026,31/01/2027,Live,Si
13537,"PREMIUM SERVICE BUILT-IN 2026",BRB80F30AES0EF,01/02/2026,31/12/2026,31/01/2027,Live,Si
13537,"PREMIUM SERVICE BUILT-IN 2026",BRB80F26ADS0EF,01/02/2026,31/12/2026,31/01/2027,Live,Si
13537,"PREMIUM SERVICE BUILT-IN 2026",BRB80F26CES0EF,01/02/2026,31/12/2026,31/01/2027,Live,Si
13537,"PREMIUM SERVICE BUILT-IN 2026",BRB80F26DES0EF,01/02/2026,31/12/2026,31/01/2027,Live,Si
13537,"PREMIUM SERVICE BUILT-IN 2026",BRD27703EWW/EF,01/02/2026,31/12/2026,31/01/2027,Live,Si
13537,"PREMIUM SERVICE BUILT-IN 2026",BRR29703EWW/EF,01/02/2026,31/12/2026,31/01/2027,Live,Si
13537,"PREMIUM SERVICE BUILT-IN 2026",BRZ22700EWW/EF,01/02/2026,31/12/2026,31/01/2027,Live,Si
13537,"PREMIUM SERVICE BUILT-IN 2026",RS80F64JEBEF,01/02/2026,31/12/2026,31/01/2027,Live,Si
13537,"PREMIUM SERVICE BUILT-IN 2026",RS70F64KDTEF,01/02/2026,31/12/2026,31/01/2027,Live,Si
13537,"PREMIUM SERVICE BUILT-IN 2026",RS70F65QEFEF,01/02/2026,31/12/2026,31/01/2027,Live,Si
13537,"PREMIUM SERVICE BUILT-IN 2026",RS70F64KDFEF,01/02/2026,31/12/2026,31/01/2027,Live,Si
13537,"PREMIUM SERVICE BUILT-IN 2026",RB53DG703ES9EF,01/02/2026,31/12/2026,31/01/2027,Live,Si
13537,"PREMIUM SERVICE BUILT-IN 2026",RB53DG703EB1EF,01/02/2026,31/12/2026,31/01/2027,Live,Si
13537,"PREMIUM SERVICE BUILT-IN 2026",DW60CG880B00ET,01/02/2026,31/12/2026,31/01/2027,Live,Si
13537,"PREMIUM SERVICE BUILT-IN 2026",NV7B5760WBK/U5,01/02/2026,31/12/2026,31/01/2027,Live,Si
13537,"PREMIUM SERVICE BUILT-IN 2026",NV7B45403BS/U5,01/02/2026,31/12/2026,31/01/2027,Live,Si
13537,"PREMIUM SERVICE BUILT-IN 2026",NV7B4540VBB/U5,01/02/2026,31/12/2026,31/01/2027,Live,Si
13537,"PREMIUM SERVICE BUILT-IN 2026",DW60DG790B00U1,01/02/2026,31/12/2026,31/01/2027,Live,Si
13537,"PREMIUM SERVICE BUILT-IN 2026",DW60DG770B00U1,01/02/2026,31/12/2026,31/01/2027,Live,Si
13537,"PREMIUM SERVICE BUILT-IN 2026",DW90H79H1B0U1,01/02/2026,31/12/2026,31/01/2027,Live,Si
13537,"PREMIUM SERVICE BUILT-IN 2026",DW80H77H3B0U1,01/02/2026,31/12/2026,31/01/2027,Live,Si
13537,"PREMIUM SERVICE BUILT-IN 2026",DW90H79NAB0U1,01/02/2026,31/12/2026,31/01/2027,Live,Si
13537,"PREMIUM SERVICE BUILT-IN 2026",DW80H73QBB0U1,01/02/2026,31/12/2026,31/01/2027,Live,Si
13537,"PREMIUM SERVICE BUILT-IN 2026",DW80H73WAB0U1,01/02/2026,31/12/2026,31/01/2027,Live,Si
13537,"PREMIUM SERVICE BUILT-IN 2026",BRB70F30BES0EF,01/02/2026,31/12/2026,31/01/2027,Live,Si
13537,"PREMIUM SERVICE BUILT-IN 2026",BRB80F26BCS0EF,01/02/2026,31/12/2026,31/01/2027,Live,Si
13546,"L’aspirazione Bespoke AI Jet ti regala Galaxy Tab S10 Lite",VS90F40DEK/WA,01/02/2026,05/04/2026,05/05/2026,Solo registrazione,No
13547,"Alza il livello delle cotture, alza il volume con Galaxy Buds3 FE",MC32DG7646KKE1,01/02/2026,30/06/2026,30/07/2026,Live,No
13547,"Alza il livello delle cotture, alza il volume con Galaxy Buds3 FE",MC28A5137KK/E1,01/02/2026,30/06/2026,30/07/2026,Live,No
13589,"Passa ai microonde professionali Samsung, per te in regalo Galaxy A17 5G",MJ26A6051AT/UR,01/03/2026,30/06/2026,30/07/2026,Live,No
13589,"Passa ai microonde professionali Samsung, per te in regalo Galaxy A17 5G",MJ26A6053AT/UR,01/03/2026,30/06/2026,30/07/2026,Live,No
13589,"Passa ai microonde professionali Samsung, per te in regalo Galaxy A17 5G",MJ26A6091AT/UR,01/03/2026,30/06/2026,30/07/2026,Live,No
13589,"Passa ai microonde professionali Samsung, per te in regalo Galaxy A17 5G",MJ26A6093AT/UR,01/03/2026,30/06/2026,30/07/2026,Live,No
13602,"Grandi lavastoviglie per un grande regalo Galaxy",DW60CG880B00ET,16/02/2026,31/03/2026,30/04/2026,Chiusa,No
13602,"Grandi lavastoviglie per un grande regalo Galaxy",DW60DG790B00U1,16/02/2026,31/03/2026,30/04/2026,Chiusa,No
13602,"Grandi lavastoviglie per un grande regalo Galaxy",DW60DG770B00U1,16/02/2026,31/03/2026,30/04/2026,Chiusa,No
13638,"Extra Garanzia di 3 mesi sugli elettrodomestici Samsung",DV90DB7845GBU3,07/03/2026,31/12/2026,31/01/2027,Live,Si
13638,"Extra Garanzia di 3 mesi sugli elettrodomestici Samsung",DV90DB7845GEU3,07/03/2026,31/12/2026,31/01/2027,Live,Si
13638,"Extra Garanzia di 3 mesi sugli elettrodomestici Samsung",DV90DB8845GBU3,07/03/2026,31/12/2026,31/01/2027,Live,Si
13638,"Extra Garanzia di 3 mesi sugli elettrodomestici Samsung",DV90DG6845LBU3,07/03/2026,31/12/2026,31/01/2027,Live,Si
13638,"Extra Garanzia di 3 mesi sugli elettrodomestici Samsung",DV90DG6845LKU3,07/03/2026,31/12/2026,31/01/2027,Live,Si
13638,"Extra Garanzia di 3 mesi sugli elettrodomestici Samsung",DV90F09F4SU3,07/03/2026,31/12/2026,31/01/2027,Live,Si
13638,"Extra Garanzia di 3 mesi sugli elettrodomestici Samsung",WD10HG6U94BEU3,07/03/2026,31/12/2026,31/01/2027,Live,Si
13638,"Extra Garanzia di 3 mesi sugli elettrodomestici Samsung",WD11DG5B15BEET,07/03/2026,31/12/2026,31/01/2027,Live,Si
13638,"Extra Garanzia di 3 mesi sugli elettrodomestici Samsung",WD90DG6G94BBU3,07/03/2026,31/12/2026,31/01/2027,Live,Si
13638,"Extra Garanzia di 3 mesi sugli elettrodomestici Samsung",WD90HG5U34BEET,07/03/2026,31/12/2026,31/01/2027,Live,Si
13638,"Extra Garanzia di 3 mesi sugli elettrodomestici Samsung",WD90HG5U34BXET,07/03/2026,31/12/2026,31/01/2027,Live,Si
13638,"Extra Garanzia di 3 mesi sugli elettrodomestici Samsung",WD90HG6U94BBU3,07/03/2026,31/12/2026,31/01/2027,Live,Si
13638,"Extra Garanzia di 3 mesi sugli elettrodomestici Samsung",WW10FG5U34AEET,07/03/2026,31/12/2026,31/01/2027,Live,Si
13638,"Extra Garanzia di 3 mesi sugli elettrodomestici Samsung",WW10FG6U94LBU3,07/03/2026,31/12/2026,31/01/2027,Live,Si
13638,"Extra Garanzia di 3 mesi sugli elettrodomestici Samsung",WW11DB7B94GBU3,07/03/2026,31/12/2026,31/01/2027,Live,Si
13638,"Extra Garanzia di 3 mesi sugli elettrodomestici Samsung",WW11DB7B94GEU3,07/03/2026,31/12/2026,31/01/2027,Live,Si
13638,"Extra Garanzia di 3 mesi sugli elettrodomestici Samsung",WW70FG3M05TWET,07/03/2026,31/12/2026,31/01/2027,Live,Si
13638,"Extra Garanzia di 3 mesi sugli elettrodomestici Samsung",WW90DG5G34AEET,07/03/2026,31/12/2026,31/01/2027,Live,Si
13638,"Extra Garanzia di 3 mesi sugli elettrodomestici Samsung",WW90DG6G94LKU3,07/03/2026,31/12/2026,31/01/2027,Live,Si
13638,"Extra Garanzia di 3 mesi sugli elettrodomestici Samsung",WW90DG6U85LKU3,07/03/2026,31/12/2026,31/01/2027,Live,Si
13638,"Extra Garanzia di 3 mesi sugli elettrodomestici Samsung",WW90FG3M05AWET,07/03/2026,31/12/2026,31/01/2027,Live,Si
13638,"Extra Garanzia di 3 mesi sugli elettrodomestici Samsung",RB33B610ESA/EF,07/03/2026,31/12/2026,31/01/2027,Live,Si
13638,"Extra Garanzia di 3 mesi sugli elettrodomestici Samsung",RB34C775CS9/EF,07/03/2026,31/12/2026,31/01/2027,Live,Si
13638,"Extra Garanzia di 3 mesi sugli elettrodomestici Samsung",RB38C600DSA/EF,07/03/2026,31/12/2026,31/01/2027,Live,Si
13638,"Extra Garanzia di 3 mesi sugli elettrodomestici Samsung",RB38C603DEL/EF,07/03/2026,31/12/2026,31/01/2027,Live,Si
13638,"Extra Garanzia di 3 mesi sugli elettrodomestici Samsung",RB38C607AS9/EF,07/03/2026,31/12/2026,31/01/2027,Live,Si
13638,"Extra Garanzia di 3 mesi sugli elettrodomestici Samsung",RB38C776CB1/EF,07/03/2026,31/12/2026,31/01/2027,Live,Si
13638,"Extra Garanzia di 3 mesi sugli elettrodomestici Samsung",RB50DG601EB1EF,07/03/2026,31/12/2026,31/01/2027,Live,Si
13638,"Extra Garanzia di 3 mesi sugli elettrodomestici Samsung",RB50DG602ES9EF,07/03/2026,31/12/2026,31/01/2027,Live,Si
13638,"Extra Garanzia di 3 mesi sugli elettrodomestici Samsung",RB53DG703DS9EF,07/03/2026,31/12/2026,31/01/2027,Live,Si
13638,"Extra Garanzia di 3 mesi sugli elettrodomestici Samsung",RB53DG706AB1EF,07/03/2026,31/12/2026,31/01/2027,Live,Si
13638,"Extra Garanzia di 3 mesi sugli elettrodomestici Samsung",RS90F64EDFEF,07/03/2026,31/12/2026,31/01/2027,Live,Si
13638,"Extra Garanzia di 3 mesi sugli elettrodomestici Samsung",RS90F65EDTEF,07/03/2026,31/12/2026,31/01/2027,Live,Si
13638,"Extra Garanzia di 3 mesi sugli elettrodomestici Samsung",RT31CG5624S9ES,07/03/2026,31/12/2026,31/01/2027,Live,Si
13638,"Extra Garanzia di 3 mesi sugli elettrodomestici Samsung",RT31CG5624WWES,07/03/2026,31/12/2026,31/01/2027,Live,Si
13638,"Extra Garanzia di 3 mesi sugli elettrodomestici Samsung",RT53DG7A14S9EF,07/03/2026,31/12/2026,31/01/2027,Live,Si
13638,"Extra Garanzia di 3 mesi sugli elettrodomestici Samsung",RT53DG7B14S9EF,07/03/2026,31/12/2026,31/01/2027,Live,Si
13639,"Acquista un Elettrodomestico Samsung in promozione. Jet™ 75E Pet è tua in regalo",RB53DG706AB1EF,01/03/2026,31/05/2026,30/06/2026,Live,No
13639,"Acquista un Elettrodomestico Samsung in promozione. Jet™ 75E Pet è tua in regalo",RS90F64EDFEF,01/03/2026,31/05/2026,30/06/2026,Live,No
13639,"Acquista un Elettrodomestico Samsung in promozione. Jet™ 75E Pet è tua in regalo",RS90F65EDTEF,01/03/2026,31/05/2026,30/06/2026,Live,No
13639,"Acquista un Elettrodomestico Samsung in promozione. Jet™ 75E Pet è tua in regalo",RS6HA8880S9/EF,01/03/2026,31/05/2026,30/06/2026,Live,No
13639,"Acquista un Elettrodomestico Samsung in promozione. Jet™ 75E Pet è tua in regalo",RS6HDG883ES9EF,01/03/2026,31/05/2026,30/06/2026,Live,No
13639,"Acquista un Elettrodomestico Samsung in promozione. Jet™ 75E Pet è tua in regalo",RS90F66BETEF,01/03/2026,31/05/2026,30/06/2026,Live,No
13639,"Acquista un Elettrodomestico Samsung in promozione. Jet™ 75E Pet è tua in regalo",RS6HA8891SL/EF,01/03/2026,31/05/2026,30/06/2026,Live,No
13639,"Acquista un Elettrodomestico Samsung in promozione. Jet™ 75E Pet è tua in regalo",RS90F67BETEF,01/03/2026,31/05/2026,30/06/2026,Live,No
13639,"Acquista un Elettrodomestico Samsung in promozione. Jet™ 75E Pet è tua in regalo",RS6HA8891B1/EF,01/03/2026,31/05/2026,30/06/2026,Live,No
13639,"Acquista un Elettrodomestico Samsung in promozione. Jet™ 75E Pet è tua in regalo",RS80F67KCTEF,01/03/2026,31/05/2026,30/06/2026,Live,No
13639,"Acquista un Elettrodomestico Samsung in promozione. Jet™ 75E Pet è tua in regalo",RS80F66KCTEF,01/03/2026,31/05/2026,30/06/2026,Live,No
13639,"Acquista un Elettrodomestico Samsung in promozione. Jet™ 75E Pet è tua in regalo",RS80F66KBFEF,01/03/2026,31/05/2026,30/06/2026,Live,No
13639,"Acquista un Elettrodomestico Samsung in promozione. Jet™ 75E Pet è tua in regalo",WF90F09C4SU3,01/03/2026,31/05/2026,30/06/2026,Live,No
13639,"Acquista un Elettrodomestico Samsung in promozione. Jet™ 75E Pet è tua in regalo",RS90F66BEFEF,01/03/2026,31/05/2026,30/06/2026,Live,No
13639,"Acquista un Elettrodomestico Samsung in promozione. Jet™ 75E Pet è tua in regalo",RF65DG9H0ESREF,01/03/2026,31/05/2026,30/06/2026,Live,No
13639,"Acquista un Elettrodomestico Samsung in promozione. Jet™ 75E Pet è tua in regalo",RF65DG9H0EB1EF,01/03/2026,31/05/2026,30/06/2026,Live,No
13639,"Acquista un Elettrodomestico Samsung in promozione. Jet™ 75E Pet è tua in regalo",RR39C7BC5S9/EF,01/03/2026,31/05/2026,30/06/2026,Live,No
13639,"Acquista un Elettrodomestico Samsung in promozione. Jet™ 75E Pet è tua in regalo",RZ32C7BBES9/EF,01/03/2026,31/05/2026,30/06/2026,Live,No
13639,"Acquista un Elettrodomestico Samsung in promozione. Jet™ 75E Pet è tua in regalo",RR70H39CCTEF,01/03/2026,31/05/2026,30/06/2026,Live,No
13639,"Acquista un Elettrodomestico Samsung in promozione. Jet™ 75E Pet è tua in regalo",RR70H39CCFEF,01/03/2026,31/05/2026,30/06/2026,Live,No
13639,"Acquista un Elettrodomestico Samsung in promozione. Jet™ 75E Pet è tua in regalo",RZ70H32HDFEF,01/03/2026,31/05/2026,30/06/2026,Live,No
13639,"Acquista un Elettrodomestico Samsung in promozione. Jet™ 75E Pet è tua in regalo",RZ70H32HDTEF,01/03/2026,31/05/2026,30/06/2026,Live,No
13639,"Acquista un Elettrodomestico Samsung in promozione. Jet™ 75E Pet è tua in regalo",WD18DB8995BZT2,01/03/2026,31/05/2026,30/06/2026,Live,No
13639,"Acquista un Elettrodomestico Samsung in promozione. Jet™ 75E Pet è tua in regalo",DV90F09F4SU3,01/03/2026,31/05/2026,30/06/2026,Live,No
13667,"Soffiatore in regalo con Bespoke AI Jet",VS90F40DEK/WA,01/04/2026,30/06/2026,30/07/2026,Live,No
13667,"Soffiatore in regalo con Bespoke AI Jet",VS80F28DLP/WA,01/04/2026,30/06/2026,30/07/2026,Live,No
13667,"Soffiatore in regalo con Bespoke AI Jet",VS90F40DEM/WA,01/04/2026,30/06/2026,30/07/2026,Live,No
13667,"Soffiatore in regalo con Bespoke AI Jet",VS80F28DES/WA,01/04/2026,30/06/2026,30/07/2026,Live,No
13668,"Scegli il meglio di Jet: Accessori unici in regalo per pulizie inarrestabili",VS20C8524TB/WA,01/04/2026,30/06/2026,30/07/2026,Live,No
13668,"Scegli il meglio di Jet: Accessori unici in regalo per pulizie inarrestabili",VS20C852FTB/WA,01/04/2026,30/06/2026,30/07/2026,Live,No
13668,"Scegli il meglio di Jet: Accessori unici in regalo per pulizie inarrestabili",VS20C9554TK/WA,01/04/2026,30/06/2026,30/07/2026,Live,No
13668,"Scegli il meglio di Jet: Accessori unici in regalo per pulizie inarrestabili",VS20C955CTK/WA,01/04/2026,30/06/2026,30/07/2026,Live,No
13668,"Scegli il meglio di Jet: Accessori unici in regalo per pulizie inarrestabili",VS80F28DLP/WA,01/04/2026,30/06/2026,30/07/2026,Live,No
13668,"Scegli il meglio di Jet: Accessori unici in regalo per pulizie inarrestabili",VS70H28GLT/WA,01/04/2026,30/06/2026,30/07/2026,Live,No
13668,"Scegli il meglio di Jet: Accessori unici in regalo per pulizie inarrestabili",VS70H25WLG/WA,01/04/2026,30/06/2026,30/07/2026,Live,No
13668,"Scegli il meglio di Jet: Accessori unici in regalo per pulizie inarrestabili",VS70H25WPT/WA,01/04/2026,30/06/2026,30/07/2026,Live,No
13668,"Scegli il meglio di Jet: Accessori unici in regalo per pulizie inarrestabili",VS70H25WFT/WA,01/04/2026,30/06/2026,30/07/2026,Live,No
13668,"Scegli il meglio di Jet: Accessori unici in regalo per pulizie inarrestabili",VS70H28GEK/WA,01/04/2026,30/06/2026,30/07/2026,Live,No
13668,"Scegli il meglio di Jet: Accessori unici in regalo per pulizie inarrestabili",VS70H28GTK/WA,01/04/2026,30/06/2026,30/07/2026,Live,No
13697,"ENEL - ""Crea la tua colonna bucato. Lo stacking kit è in regalo""",WF90F09C4SU3,01/04/2026,24/06/2026,24/08/2026,Live,No
13697,"ENEL - ""Crea la tua colonna bucato. Lo stacking kit è in regalo""",DV90F09F4SU3,01/04/2026,24/06/2026,24/08/2026,Live,No
13698,"UNIEURO - ""Elettrodomestici Samsung. Straordinari anche nel rimborsarti”",RB53DG706CS9EF,17/04/2026,30/04/2026,30/05/2026,Solo registrazione,No
13698,"UNIEURO - ""Elettrodomestici Samsung. Straordinari anche nel rimborsarti”",RB38C600DSA/EF,17/04/2026,30/04/2026,30/05/2026,Solo registrazione,No
13698,"UNIEURO - ""Elettrodomestici Samsung. Straordinari anche nel rimborsarti”",RB38T607BS9/EF,17/04/2026,30/04/2026,30/05/2026,Solo registrazione,No
13698,"UNIEURO - ""Elettrodomestici Samsung. Straordinari anche nel rimborsarti”",RS57DG400EM9EF,17/04/2026,30/04/2026,30/05/2026,Solo registrazione,No
13698,"UNIEURO - ""Elettrodomestici Samsung. Straordinari anche nel rimborsarti”",RT53DG7B14S9EF,17/04/2026,30/04/2026,30/05/2026,Solo registrazione,No
13698,"UNIEURO - ""Elettrodomestici Samsung. Straordinari anche nel rimborsarti”",WW90DG5G34AEET,17/04/2026,30/04/2026,30/05/2026,Solo registrazione,No
13698,"UNIEURO - ""Elettrodomestici Samsung. Straordinari anche nel rimborsarti”",WW90DG6U85LKU3,17/04/2026,30/04/2026,30/05/2026,Solo registrazione,No
13698,"UNIEURO - ""Elettrodomestici Samsung. Straordinari anche nel rimborsarti”",WW90DB8U95GHU3,17/04/2026,30/04/2026,30/05/2026,Solo registrazione,No
13698,"UNIEURO - ""Elettrodomestici Samsung. Straordinari anche nel rimborsarti”",WW10FG5U34AEET,17/04/2026,30/04/2026,30/05/2026,Solo registrazione,No
13698,"UNIEURO - ""Elettrodomestici Samsung. Straordinari anche nel rimborsarti”",WD11DG6B85BKU3,17/04/2026,30/04/2026,30/05/2026,Solo registrazione,No
13698,"UNIEURO - ""Elettrodomestici Samsung. Straordinari anche nel rimborsarti”",RB38C603DEL/EF,17/04/2026,30/04/2026,30/05/2026,Solo registrazione,No
13698,"UNIEURO - ""Elettrodomestici Samsung. Straordinari anche nel rimborsarti”",RT53DG7A14S9EF,17/04/2026,30/04/2026,30/05/2026,Solo registrazione,No
13698,"UNIEURO - ""Elettrodomestici Samsung. Straordinari anche nel rimborsarti”",WW90DB8U95GBU3,17/04/2026,30/04/2026,30/05/2026,Solo registrazione,No
13699,"Aspirazione Samsung: massima potenza, extra garanzia!",VS90F40DEK/WA,01/04/2026,31/12/2026,31/01/2027,Live,No
13699,"Aspirazione Samsung: massima potenza, extra garanzia!",VS90F40DEM/WA,01/04/2026,31/12/2026,31/01/2027,Live,No
13699,"Aspirazione Samsung: massima potenza, extra garanzia!",VS80F28DLP/WA,01/04/2026,31/12/2026,31/01/2027,Live,No
13699,"Aspirazione Samsung: massima potenza, extra garanzia!",VS80F28DES/WA,01/04/2026,31/12/2026,31/01/2027,Live,No
13699,"Aspirazione Samsung: massima potenza, extra garanzia!",VS70H28GLT/WA,01/04/2026,31/12/2026,31/01/2027,Live,No
13699,"Aspirazione Samsung: massima potenza, extra garanzia!",VS70H28GTK/WA,01/04/2026,31/12/2026,31/01/2027,Live,No
13699,"Aspirazione Samsung: massima potenza, extra garanzia!",VS70H28GEK/WA,01/04/2026,31/12/2026,31/01/2027,Live,No
13699,"Aspirazione Samsung: massima potenza, extra garanzia!",VR90F01ABG/WE,01/04/2026,31/12/2026,31/01/2027,Live,No
13699,"Aspirazione Samsung: massima potenza, extra garanzia!",VR70F00AHH/WE,01/04/2026,31/12/2026,31/01/2027,Live,No
13760,"MW - Scegli l’innovazione Samsung, per te 300€ di rimborso",NZ64B5045GK/U1,17/04/2026,30/06/2026,30/07/2026,Live,No
13760,"MW - Scegli l’innovazione Samsung, per te 300€ di rimborso",NV7B4540VBB/U5,17/04/2026,30/06/2026,30/07/2026,Live,No
13760,"MW - Scegli l’innovazione Samsung, per te 300€ di rimborso",BRB70F26BDS0EF,17/04/2026,30/06/2026,30/07/2026,Live,No
13809,"Scegli l’innovazione Samsung. Il microonde Cottura Essenziale è in regalo!",RR70H39CCTEF,01/05/2026,30/06/2026,30/07/2026,In partenza,No
13809,"Scegli l’innovazione Samsung. Il microonde Cottura Essenziale è in regalo!",RR70H39CCFEF,01/05/2026,30/06/2026,30/07/2026,In partenza,No
13809,"Scegli l’innovazione Samsung. Il microonde Cottura Essenziale è in regalo!",RZ70H32HDFEF,01/05/2026,30/06/2026,30/07/2026,In partenza,No
13809,"Scegli l’innovazione Samsung. Il microonde Cottura Essenziale è in regalo!",RZ70H32HDTEF,01/05/2026,30/06/2026,30/07/2026,In partenza,No
13809,"Scegli l’innovazione Samsung. Il microonde Cottura Essenziale è in regalo!",RL38T607BB1/EF,01/05/2026,30/06/2026,30/07/2026,In partenza,No
13809,"Scegli l’innovazione Samsung. Il microonde Cottura Essenziale è in regalo!",RL38T607BS9/EF,01/05/2026,30/06/2026,30/07/2026,In partenza,No
13809,"Scegli l’innovazione Samsung. Il microonde Cottura Essenziale è in regalo!",RB38C7B6CS9/EF,01/05/2026,30/06/2026,30/07/2026,In partenza,No
13809,"Scegli l’innovazione Samsung. Il microonde Cottura Essenziale è in regalo!",RB38C7B5BS9/EF,01/05/2026,30/06/2026,30/07/2026,In partenza,No
13809,"Scegli l’innovazione Samsung. Il microonde Cottura Essenziale è in regalo!",RB38C776CB1/EF,01/05/2026,30/06/2026,30/07/2026,In partenza,No
13809,"Scegli l’innovazione Samsung. Il microonde Cottura Essenziale è in regalo!",RB53DG703CB1EF,01/05/2026,30/06/2026,30/07/2026,In partenza,No
13809,"Scegli l’innovazione Samsung. Il microonde Cottura Essenziale è in regalo!",RB38C705CSR/EF,01/05/2026,30/06/2026,30/07/2026,In partenza,No
13809,"Scegli l’innovazione Samsung. Il microonde Cottura Essenziale è in regalo!",RB38T607BS9/EF,01/05/2026,30/06/2026,30/07/2026,In partenza,No
13809,"Scegli l’innovazione Samsung. Il microonde Cottura Essenziale è in regalo!",RB38C607AS9/EF,01/05/2026,30/06/2026,30/07/2026,In partenza,No
13809,"Scegli l’innovazione Samsung. Il microonde Cottura Essenziale è in regalo!",RL38C776ASR/EF,01/05/2026,30/06/2026,30/07/2026,In partenza,No
13809,"Scegli l’innovazione Samsung. Il microonde Cottura Essenziale è in regalo!",RB38C7B6AB1/EF,01/05/2026,30/06/2026,30/07/2026,In partenza,No
13809,"Scegli l’innovazione Samsung. Il microonde Cottura Essenziale è in regalo!",RB38C7AGWS9/EF,01/05/2026,30/06/2026,30/07/2026,In partenza,No
13809,"Scegli l’innovazione Samsung. Il microonde Cottura Essenziale è in regalo!",RB53DG706AB1EF,01/05/2026,30/06/2026,30/07/2026,In partenza,No
13809,"Scegli l’innovazione Samsung. Il microonde Cottura Essenziale è in regalo!",RB53DG706BS9EF,01/05/2026,30/06/2026,30/07/2026,In partenza,No
13809,"Scegli l’innovazione Samsung. Il microonde Cottura Essenziale è in regalo!",RB53DG706CS9EF,01/05/2026,30/06/2026,30/07/2026,In partenza,No
13809,"Scegli l’innovazione Samsung. Il microonde Cottura Essenziale è in regalo!",RB53DG703DS9EF,01/05/2026,30/06/2026,30/07/2026,In partenza,No
13809,"Scegli l’innovazione Samsung. Il microonde Cottura Essenziale è in regalo!",RB50DG602ES9EF,01/05/2026,30/06/2026,30/07/2026,In partenza,No
13809,"Scegli l’innovazione Samsung. Il microonde Cottura Essenziale è in regalo!",RB50DG601EB1EF,01/05/2026,30/06/2026,30/07/2026,In partenza,No
13809,"Scegli l’innovazione Samsung. Il microonde Cottura Essenziale è in regalo!",RB50DG632ES9EF,01/05/2026,30/06/2026,30/07/2026,In partenza,No
13809,"Scegli l’innovazione Samsung. Il microonde Cottura Essenziale è in regalo!",RB38C775CS9/EF,01/05/2026,30/06/2026,30/07/2026,In partenza,No
13809,"Scegli l’innovazione Samsung. Il microonde Cottura Essenziale è in regalo!",RB38C775CSR/EF,01/05/2026,30/06/2026,30/07/2026,In partenza,No
13809,"Scegli l’innovazione Samsung. Il microonde Cottura Essenziale è in regalo!",RB38C7B6AS9/EF,01/05/2026,30/06/2026,30/07/2026,In partenza,No
13809,"Scegli l’innovazione Samsung. Il microonde Cottura Essenziale è in regalo!",RF59C70TES9/ES,01/05/2026,30/06/2026,30/07/2026,In partenza,No
13809,"Scegli l’innovazione Samsung. Il microonde Cottura Essenziale è in regalo!",RF59C70TEB1/ES,01/05/2026,30/06/2026,30/07/2026,In partenza,No
13809,"Scegli l’innovazione Samsung. Il microonde Cottura Essenziale è in regalo!",RF65DG960ESREF,01/05/2026,30/06/2026,30/07/2026,In partenza,No
13809,"Scegli l’innovazione Samsung. Il microonde Cottura Essenziale è in regalo!",RF65DG960EB1EF,01/05/2026,30/06/2026,30/07/2026,In partenza,No
13809,"Scegli l’innovazione Samsung. Il microonde Cottura Essenziale è in regalo!",RF65DG9H0ESREF,01/05/2026,30/06/2026,30/07/2026,In partenza,No
13809,"Scegli l’innovazione Samsung. Il microonde Cottura Essenziale è in regalo!",RF65DG9H0EB1EF,01/05/2026,30/06/2026,30/07/2026,In partenza,No
13809,"Scegli l’innovazione Samsung. Il microonde Cottura Essenziale è in regalo!",RS70F64KETEF,01/05/2026,30/06/2026,30/07/2026,In partenza,No
13809,"Scegli l’innovazione Samsung. Il microonde Cottura Essenziale è in regalo!",RS70F65KETEF,01/05/2026,30/06/2026,30/07/2026,In partenza,No
13809,"Scegli l’innovazione Samsung. Il microonde Cottura Essenziale è in regalo!",RS70F64KEFEF,01/05/2026,30/06/2026,30/07/2026,In partenza,No
13809,"Scegli l’innovazione Samsung. Il microonde Cottura Essenziale è in regalo!",RS70F65KEFEF,01/05/2026,30/06/2026,30/07/2026,In partenza,No
13809,"Scegli l’innovazione Samsung. Il microonde Cottura Essenziale è in regalo!",RS80F67KCTEF,01/05/2026,30/06/2026,30/07/2026,In partenza,No
13809,"Scegli l’innovazione Samsung. Il microonde Cottura Essenziale è in regalo!",RS80F66KBFEF,01/05/2026,30/06/2026,30/07/2026,In partenza,No
13809,"Scegli l’innovazione Samsung. Il microonde Cottura Essenziale è in regalo!",RS90F64EDFEF,01/05/2026,30/06/2026,30/07/2026,In partenza,No
13809,"Scegli l’innovazione Samsung. Il microonde Cottura Essenziale è in regalo!",RS90F65EDTEF,01/05/2026,30/06/2026,30/07/2026,In partenza,No
13809,"Scegli l’innovazione Samsung. Il microonde Cottura Essenziale è in regalo!",RS90F66BETEF,01/05/2026,30/06/2026,30/07/2026,In partenza,No
13809,"Scegli l’innovazione Samsung. Il microonde Cottura Essenziale è in regalo!",RS90F67BETEF,01/05/2026,30/06/2026,30/07/2026,In partenza,No
13809,"Scegli l’innovazione Samsung. Il microonde Cottura Essenziale è in regalo!",RS90F66BEFEF,01/05/2026,30/06/2026,30/07/2026,In partenza,No
13809,"Scegli l’innovazione Samsung. Il microonde Cottura Essenziale è in regalo!",RH69CG895DS9EF,01/05/2026,30/06/2026,30/07/2026,In partenza,No
13809,"Scegli l’innovazione Samsung. Il microonde Cottura Essenziale è in regalo!",RS66DG813CS9EF,01/05/2026,30/06/2026,30/07/2026,In partenza,No
13809,"Scegli l’innovazione Samsung. Il microonde Cottura Essenziale è in regalo!",RS68A854CSL/EF,01/05/2026,30/06/2026,30/07/2026,In partenza,No
13809,"Scegli l’innovazione Samsung. Il microonde Cottura Essenziale è in regalo!",RS6HA8880S9/EF,01/05/2026,30/06/2026,30/07/2026,In partenza,No
13809,"Scegli l’innovazione Samsung. Il microonde Cottura Essenziale è in regalo!",RS6HDG883ES9EF,01/05/2026,30/06/2026,30/07/2026,In partenza,No
13809,"Scegli l’innovazione Samsung. Il microonde Cottura Essenziale è in regalo!",RS6HA8891SL/EF,01/05/2026,30/06/2026,30/07/2026,In partenza,No
13809,"Scegli l’innovazione Samsung. Il microonde Cottura Essenziale è in regalo!",RT47CG6626S9ES,01/05/2026,30/06/2026,30/07/2026,In partenza,No
13809,"Scegli l’innovazione Samsung. Il microonde Cottura Essenziale è in regalo!",RT47CB6736C2ES,01/05/2026,30/06/2026,30/07/2026,In partenza,No
13809,"Scegli l’innovazione Samsung. Il microonde Cottura Essenziale è in regalo!",RT53DG7A14S9EF,01/05/2026,30/06/2026,30/07/2026,In partenza,No
13809,"Scegli l’innovazione Samsung. Il microonde Cottura Essenziale è in regalo!",RT53DG7B14S9EF,01/05/2026,30/06/2026,30/07/2026,In partenza,No
13809,"Scegli l’innovazione Samsung. Il microonde Cottura Essenziale è in regalo!",RT62K711RSL/ES,01/05/2026,30/06/2026,30/07/2026,In partenza,No
13809,"Scegli l’innovazione Samsung. Il microonde Cottura Essenziale è in regalo!",DV90F09F4SU3,01/05/2026,30/06/2026,30/07/2026,In partenza,No
13809,"Scegli l’innovazione Samsung. Il microonde Cottura Essenziale è in regalo!",WD90DG6G94BBU3,01/05/2026,30/06/2026,30/07/2026,In partenza,No
13809,"Scegli l’innovazione Samsung. Il microonde Cottura Essenziale è in regalo!",WD10HG6U94BEU3,01/05/2026,30/06/2026,30/07/2026,In partenza,No
13809,"Scegli l’innovazione Samsung. Il microonde Cottura Essenziale è in regalo!",WD10HG6U34BEU3,01/05/2026,30/06/2026,30/07/2026,In partenza,No
13809,"Scegli l’innovazione Samsung. Il microonde Cottura Essenziale è in regalo!",WD18DB8995BZT2,01/05/2026,30/06/2026,30/07/2026,In partenza,No
13809,"Scegli l’innovazione Samsung. Il microonde Cottura Essenziale è in regalo!",WD11DB7B85GBU3,01/05/2026,30/06/2026,30/07/2026,In partenza,No
13809,"Scegli l’innovazione Samsung. Il microonde Cottura Essenziale è in regalo!",WD11DG6B85BKU3,01/05/2026,30/06/2026,30/07/2026,In partenza,No
13809,"Scegli l’innovazione Samsung. Il microonde Cottura Essenziale è in regalo!",WD11DG5B15BEET,01/05/2026,30/06/2026,30/07/2026,In partenza,No
13809,"Scegli l’innovazione Samsung. Il microonde Cottura Essenziale è in regalo!",WD10T534DBW/S3,01/05/2026,30/06/2026,30/07/2026,In partenza,No
13809,"Scegli l’innovazione Samsung. Il microonde Cottura Essenziale è in regalo!",WW90DG6G94LKU3,01/05/2026,30/06/2026,30/07/2026,In partenza,No
13809,"Scegli l’innovazione Samsung. Il microonde Cottura Essenziale è in regalo!",WF90H09C4ST2,01/05/2026,30/06/2026,30/07/2026,In partenza,No
13809,"Scegli l’innovazione Samsung. Il microonde Cottura Essenziale è in regalo!",WF20DG8650BVU3,01/05/2026,30/06/2026,30/07/2026,In partenza,No
13809,"Scegli l’innovazione Samsung. Il microonde Cottura Essenziale è in regalo!",WF20DG8650BWU3,01/05/2026,30/06/2026,30/07/2026,In partenza,No
13809,"Scegli l’innovazione Samsung. Il microonde Cottura Essenziale è in regalo!",WW11DB8B95GBU3,01/05/2026,30/06/2026,30/07/2026,In partenza,No
13809,"Scegli l’innovazione Samsung. Il microonde Cottura Essenziale è in regalo!",WW11DB7B94GBU3,01/05/2026,30/06/2026,30/07/2026,In partenza,No
13809,"Scegli l’innovazione Samsung. Il microonde Cottura Essenziale è in regalo!",WW11DB7B94GEU3,01/05/2026,30/06/2026,30/07/2026,In partenza,No
13809,"Scegli l’innovazione Samsung. Il microonde Cottura Essenziale è in regalo!",WW10FG6U94LBU3,01/05/2026,30/06/2026,30/07/2026,In partenza,No
13809,"Scegli l’innovazione Samsung. Il microonde Cottura Essenziale è in regalo!",WF18T8000GV/ET,01/05/2026,30/06/2026,30/07/2026,In partenza,No
13809,"Scegli l’innovazione Samsung. Il microonde Cottura Essenziale è in regalo!",WF90F09C4SU3,01/05/2026,30/06/2026,30/07/2026,In partenza,No
13809,"Scegli l’innovazione Samsung. Il microonde Cottura Essenziale è in regalo!",WW11BB744DGBS3,01/05/2026,30/06/2026,30/07/2026,In partenza,No
13809,"Scegli l’innovazione Samsung. Il microonde Cottura Essenziale è in regalo!",WW11BB744DGES3,01/05/2026,30/06/2026,30/07/2026,In partenza,No
13809,"Scegli l’innovazione Samsung. Il microonde Cottura Essenziale è in regalo!",DW80H77H3B0U1,01/05/2026,30/06/2026,30/07/2026,In partenza,No
13809,"Scegli l’innovazione Samsung. Il microonde Cottura Essenziale è in regalo!",DW90H79H1B0U1,01/05/2026,30/06/2026,30/07/2026,In partenza,No
13809,"Scegli l’innovazione Samsung. Il microonde Cottura Essenziale è in regalo!",DW90H79NAB0U1,01/05/2026,30/06/2026,30/07/2026,In partenza,No
13809,"Scegli l’innovazione Samsung. Il microonde Cottura Essenziale è in regalo!",DW80H73WAB0U1,01/05/2026,30/06/2026,30/07/2026,In partenza,No
13809,"Scegli l’innovazione Samsung. Il microonde Cottura Essenziale è in regalo!",DW80H73QBB0U1,01/05/2026,30/06/2026,30/07/2026,In partenza,No
13809,"Scegli l’innovazione Samsung. Il microonde Cottura Essenziale è in regalo!",DW80H73YAFFU1,01/05/2026,30/06/2026,30/07/2026,In partenza,No
13809,"Scegli l’innovazione Samsung. Il microonde Cottura Essenziale è in regalo!",DW80H73YBFFU1,01/05/2026,30/06/2026,30/07/2026,In partenza,No
13809,"Scegli l’innovazione Samsung. Il microonde Cottura Essenziale è in regalo!",DW60CG880B00ET,01/05/2026,30/06/2026,30/07/2026,In partenza,No
13809,"Scegli l’innovazione Samsung. Il microonde Cottura Essenziale è in regalo!",DW60DG790B00U1,01/05/2026,30/06/2026,30/07/2026,In partenza,No
13809,"Scegli l’innovazione Samsung. Il microonde Cottura Essenziale è in regalo!",DW60DG770B00U1,01/05/2026,30/06/2026,30/07/2026,In partenza,No
